{
  "customerId": "9ce61f116fe7007bf805d2d64c9f6fe7",
  "flowStatus": "enabled",
  "currentVersion": 1,
  "publishedVersion": 1,
  "name": "PingOne Auto enroll user in email",
  "description": "Imported on Fri Mar 01 2024 21:47:11 GMT+0000 (Coordinated Universal Time)",
  "createdDate": 1709329656508,
  "updatedDate": 1709329656569,
  "deployedDate": 1709329656565,
  "enabledGraphData": {
    "boxSelectionEnabled": true,
    "data": {},
    "elements": {
      "edges": [
        {
          "classes": "",
          "data": {
            "id": "texm5u5y7n",
            "source": "fcvwwpmkeq",
            "target": "d60car20if"
          },
          "grabbable": true,
          "group": "edges",
          "locked": false,
          "pannable": true,
          "position": {
            "x": 0,
            "y": 0
          },
          "removed": false,
          "selectable": true,
          "selected": false
        },
        {
          "classes": "",
          "data": {
            "id": "ulp0m7atfu",
            "source": "sy5ji6r90v",
            "target": "qibog9r3as"
          },
          "grabbable": true,
          "group": "edges",
          "locked": false,
          "pannable": true,
          "position": {
            "x": 0,
            "y": 0
          },
          "removed": false,
          "selectable": true,
          "selected": false
        },
        {
          "classes": "",
          "data": {
            "id": "lbnoequqbj",
            "source": "gn1zfrbhfn",
            "target": "ic158vw0c0"
          },
          "grabbable": true,
          "group": "edges",
          "locked": false,
          "pannable": true,
          "position": {
            "x": 0,
            "y": 0
          },
          "removed": false,
          "selectable": true,
          "selected": false
        },
        {
          "classes": "",
          "data": {
            "id": "ed7ho0tvsz",
            "source": "l8brhyefwk",
            "target": "mm221k8mtu"
          },
          "grabbable": true,
          "group": "edges",
          "locked": false,
          "pannable": true,
          "position": {
            "x": 0,
            "y": 0
          },
          "removed": false,
          "selectable": true,
          "selected": false
        },
        {
          "classes": "",
          "data": {
            "id": "n6f186dru0",
            "source": "sy5ji6r90v",
            "target": "gn1zfrbhfn"
          },
          "grabbable": true,
          "group": "edges",
          "locked": false,
          "pannable": true,
          "position": {
            "x": 0,
            "y": 0
          },
          "removed": false,
          "selectable": true,
          "selected": false
        },
        {
          "classes": "",
          "data": {
            "id": "6ttypvtpw3",
            "source": "3jrilzmhie",
            "target": "9y0nnf59o3"
          },
          "grabbable": true,
          "group": "edges",
          "locked": false,
          "pannable": true,
          "position": {
            "x": 0,
            "y": 0
          },
          "removed": false,
          "selectable": true,
          "selected": false
        },
        {
          "classes": "",
          "data": {
            "id": "10c1becs0c",
            "source": "brsc2k7uj4",
            "target": "w547kv0b67"
          },
          "grabbable": true,
          "group": "edges",
          "locked": false,
          "pannable": true,
          "position": {
            "x": 0,
            "y": 0
          },
          "removed": false,
          "selectable": true,
          "selected": false
        },
        {
          "classes": "",
          "data": {
            "id": "lykt574vkn",
            "source": "brsc2k7uj4",
            "target": "2q8o7ctrmj"
          },
          "grabbable": true,
          "group": "edges",
          "locked": false,
          "pannable": true,
          "position": {
            "x": 0,
            "y": 0
          },
          "removed": false,
          "selectable": true,
          "selected": false
        },
        {
          "classes": "",
          "data": {
            "id": "c50857t76e",
            "source": "n0quwyscsi",
            "target": "zy9zqsq8ow"
          },
          "grabbable": true,
          "group": "edges",
          "locked": false,
          "pannable": true,
          "position": {
            "x": 0,
            "y": 0
          },
          "removed": false,
          "selectable": true,
          "selected": false
        },
        {
          "classes": "",
          "data": {
            "id": "aoolsxyauo",
            "source": "2q8o7ctrmj",
            "target": "n0quwyscsi"
          },
          "grabbable": true,
          "group": "edges",
          "locked": false,
          "pannable": true,
          "position": {
            "x": 0,
            "y": 0
          },
          "removed": false,
          "selectable": true,
          "selected": false
        },
        {
          "classes": "",
          "data": {
            "id": "9r6plwtd77",
            "source": "4nwm10m3zr",
            "target": "3jrilzmhie"
          },
          "grabbable": true,
          "group": "edges",
          "locked": false,
          "pannable": true,
          "position": {
            "x": 0,
            "y": 0
          },
          "removed": false,
          "selectable": true,
          "selected": false
        },
        {
          "classes": "",
          "data": {
            "id": "4eqwxmmyj4",
            "source": "n0quwyscsi",
            "target": "y2g6mnx0bh"
          },
          "grabbable": true,
          "group": "edges",
          "locked": false,
          "pannable": true,
          "position": {
            "x": 0,
            "y": 0
          },
          "removed": false,
          "selectable": true,
          "selected": false
        },
        {
          "classes": "",
          "data": {
            "id": "cjn90rnsln",
            "source": "ic158vw0c0",
            "target": "mnjtf03g2b"
          },
          "grabbable": true,
          "group": "edges",
          "locked": false,
          "pannable": true,
          "position": {
            "x": 0,
            "y": 0
          },
          "removed": false,
          "selectable": true,
          "selected": false
        },
        {
          "classes": "",
          "data": {
            "id": "mq5ag6l6tr",
            "source": "ic158vw0c0",
            "target": "l8brhyefwk"
          },
          "grabbable": true,
          "group": "edges",
          "locked": false,
          "pannable": true,
          "position": {
            "x": 0,
            "y": 0
          },
          "removed": false,
          "selectable": true,
          "selected": false
        },
        {
          "classes": "",
          "data": {
            "id": "do0dtf6n8n",
            "source": "bpkvxton27",
            "target": "sy5ji6r90v"
          },
          "grabbable": true,
          "group": "edges",
          "locked": false,
          "pannable": true,
          "position": {
            "x": 0,
            "y": 0
          },
          "removed": false,
          "selectable": true,
          "selected": false
        },
        {
          "classes": "",
          "data": {
            "id": "2e5jafhrh8",
            "source": "9y0nnf59o3",
            "target": "fcvwwpmkeq"
          },
          "grabbable": true,
          "group": "edges",
          "locked": false,
          "pannable": true,
          "position": {
            "x": 0,
            "y": 0
          },
          "removed": false,
          "selectable": true,
          "selected": false
        },
        {
          "classes": "",
          "data": {
            "id": "8jt6k2gmj8",
            "source": "fcvwwpmkeq",
            "target": "bpkvxton27"
          },
          "grabbable": true,
          "group": "edges",
          "locked": false,
          "pannable": true,
          "position": {
            "x": 0,
            "y": 0
          },
          "removed": false,
          "selectable": true,
          "selected": false
        },
        {
          "classes": "",
          "data": {
            "id": "gl8bj0xgor",
            "source": "muahcq7bwo",
            "target": "brsc2k7uj4"
          },
          "grabbable": true,
          "group": "edges",
          "locked": false,
          "pannable": true,
          "position": {
            "x": 0,
            "y": 0
          },
          "removed": false,
          "selectable": true,
          "selected": false
        },
        {
          "classes": "",
          "data": {
            "id": "3p0o9pu2tl",
            "source": "mm221k8mtu",
            "target": "hrnf7vf4v0"
          },
          "grabbable": true,
          "group": "edges",
          "locked": false,
          "pannable": true,
          "position": {
            "x": 0,
            "y": 0
          },
          "removed": false,
          "selectable": true,
          "selected": false
        },
        {
          "classes": "",
          "data": {
            "id": "8llh4pzxrv",
            "source": "mm221k8mtu",
            "target": "81w4xznzc9"
          },
          "grabbable": true,
          "group": "edges",
          "locked": false,
          "pannable": true,
          "position": {
            "x": 0,
            "y": 0
          },
          "removed": false,
          "selectable": true,
          "selected": false
        }
      ],
      "nodes": [
        {
          "classes": "",
          "data": {
            "capabilityName": "updateAnnotationProperties",
            "connectionId": "921bfae85c38ed45045e07be703d86b8",
            "connectorId": "annotationConnector",
            "id": "708dc6aow8",
            "idUnique": "9630iuy76i",
            "name": "Annotation",
            "nodeType": "ANNOTATION",
            "properties": {
              "annotation": {
                "value": "Register email auto enroll"
              },
              "annotationTextColor": {
                "value": "#ffffffff"
              },
              "backgroundColor": {
                "value": "#5D00D6ff"
              },
              "cornerRadius": {
                "value": 8
              },
              "fontFamily": {
                "value": "sans-serif"
              },
              "fontSize": {
                "value": 14
              },
              "fontStyle": {
                "value": "bold"
              },
              "width": {
                "value": 1000
              }
            },
            "status": "configured",
            "type": "action"
          },
          "grabbable": true,
          "group": "nodes",
          "locked": false,
          "pannable": false,
          "position": {
            "x": 484,
            "y": 364
          },
          "removed": false,
          "selectable": true,
          "selected": false
        },
        {
          "classes": "",
          "data": {
            "capabilityName": "saveValue",
            "connectionId": "06922a684039827499bdbdd97f49827b",
            "connectorId": "variablesConnector",
            "id": "4nwm10m3zr",
            "idUnique": "ise4buxf5v",
            "label": "Variables",
            "name": "Variables",
            "nodeType": "CONNECTION",
            "properties": {
              "nodeTitle": {
                "value": "Start"
              }
            },
            "status": "configured",
            "type": "trigger"
          },
          "grabbable": true,
          "group": "nodes",
          "locked": false,
          "pannable": false,
          "position": {
            "x": 300,
            "y": 510
          },
          "removed": false,
          "selectable": true,
          "selected": false
        },
        {
          "classes": "",
          "data": {
            "capabilityName": "createDevice",
            "connectionId": "b72bd44e6be8180bd5988ac74cd9c949",
            "connectorId": "pingOneMfaConnector",
            "id": "2q8o7ctrmj",
            "idUnique": "4ytf7sjllf",
            "label": "PingOne MFA - nuka",
            "name": "PingOne MFA",
            "nodeType": "CONNECTION",
            "properties": {
              "customDeviceType": {
                "value": "{}"
              },
              "customNotificationPolicyId": {
                "value": "{}"
              },
              "customTemplateVariant": {
                "value": "{}"
              },
              "device": {
                "value": "[\n  {\n    \"children\": [\n      {\n        \"text\": \"\"\n      },\n      {\n        \"text\": \"\"\n      },\n      {\n        \"type\": \"link\",\n        \"src\": \"functions.svg\",\n        \"url\": \"device\",\n        \"data\": \"{{local.t6ik0u7i4i.payload.output.device}}\",\n        \"tooltip\": \"{{local.t6ik0u7i4i.payload.output.device}}\",\n        \"children\": [\n          {\n            \"text\": \"device\"\n          }\n        ]\n      },\n      {\n        \"text\": \"\"\n      }\n    ]\n  }\n]"
              },
              "deviceType": {
                "value": "EMAIL"
              },
              "email": {
                "value": "[\n  {\n    \"children\": [\n      {\n        \"text\": \"\"\n      },\n      {\n        \"text\": \"\"\n      },\n      {\n        \"type\": \"link\",\n        \"src\": \"auth.svg\",\n        \"url\": \"p1Email\",\n        \"data\": \"{{global.parameters.p1Email}}\",\n        \"tooltip\": \"{{global.parameters.p1Email}}\",\n        \"children\": [\n          {\n            \"text\": \"p1Email\"\n          }\n        ]\n      },\n      {\n        \"text\": \"\"\n      }\n    ]\n  }\n]"
              },
              "nodeTitle": {
                "value": "Auto register Email"
              },
              "notificationPolicyId": {
                "value": "a62f6445-147b-4249-86d1-c73ccdcedfd6"
              },
              "status": {
                "value": "ACTIVE"
              },
              "templateVariables": {
                "value": [
                  {
                    "name": "companyLogo",
                    "preferredDataType": "string",
                    "value": "[\n  {\n    \"children\": [\n      {\n        \"text\": \"\"\n      },\n      {\n        \"text\": \"\"\n      },\n      {\n        \"type\": \"link\",\n        \"src\": \"variable.svg\",\n        \"url\": \"gv-companyLogo\",\n        \"data\": \"{{global.company.variables.gv-companyLogo}}\",\n        \"tooltip\": \"{{global.company.variables.gv-companyLogo}}\",\n        \"children\": [\n          {\n            \"text\": \"gv-companyLogo\"\n          }\n        ]\n      },\n      {\n        \"text\": \"\"\n      }\n    ]\n  }\n]"
                  }
                ]
              },
              "templateVariant": {
                "value": "OTP"
              },
              "userId": {
                "value": "[\n  {\n    \"children\": [\n      {\n        \"text\": \"\"\n      },\n      {\n        \"text\": \"\"\n      },\n      {\n        \"text\": \"\"\n      },\n      {\n        \"type\": \"link\",\n        \"src\": \"auth.svg\",\n        \"url\": \"p1UserId\",\n        \"data\": \"{{global.parameters.p1UserId}}\",\n        \"tooltip\": \"{{global.parameters.p1UserId}}\",\n        \"children\": [\n          {\n            \"text\": \"p1UserId\"\n          }\n        ]\n      },\n      {\n        \"text\": \"\"\n      }\n    ]\n  }\n]"
              }
            },
            "status": "configured",
            "type": "action"
          },
          "grabbable": true,
          "group": "nodes",
          "locked": false,
          "pannable": false,
          "position": {
            "x": 1303.987083270555,
            "y": 869.3247221803701
          },
          "removed": false,
          "selectable": true,
          "selected": false
        },
        {
          "classes": "",
          "data": {
            "id": "n0quwyscsi",
            "label": "Evaluator",
            "nodeType": "EVAL",
            "properties": {
              "y2g6mnx0bh": {
                "value": "anyTriggersFalse"
              }
            }
          },
          "grabbable": true,
          "group": "nodes",
          "locked": false,
          "pannable": false,
          "position": {
            "x": 1431.8289541794331,
            "y": 869.3247221803701
          },
          "removed": false,
          "selectable": true,
          "selected": false
        },
        {
          "classes": "",
          "data": {
            "capabilityName": "createSuccessResponse",
            "connectionId": "867ed4363b2bc21c860085ad2baa817d",
            "connectorId": "httpConnector",
            "id": "zy9zqsq8ow",
            "idUnique": "b5so287gsn",
            "label": "Http",
            "name": "Http",
            "nodeType": "CONNECTION",
            "properties": {
              "backgroundColor": {
                "value": "#9dc967ff"
              },
              "nodeTitle": {
                "value": "Return success"
              }
            },
            "status": "configured",
            "type": "action"
          },
          "grabbable": true,
          "group": "nodes",
          "locked": false,
          "pannable": false,
          "position": {
            "x": 1661.9443218154136,
            "y": 869.3247221803701
          },
          "removed": false,
          "selectable": true,
          "selected": false
        },
        {
          "classes": "",
          "data": {
            "id": "3jrilzmhie",
            "label": "Evaluator",
            "nodeType": "EVAL"
          },
          "grabbable": true,
          "group": "nodes",
          "locked": false,
          "pannable": false,
          "position": {
            "x": 420,
            "y": 510
          },
          "removed": false,
          "selectable": true,
          "selected": false
        },
        {
          "classes": "",
          "data": {
            "capabilityName": "AEqualsB",
            "connectionId": "de650ca45593b82c49064ead10b9fe17",
            "connectorId": "functionsConnector",
            "id": "9y0nnf59o3",
            "label": "Functions",
            "name": "Functions",
            "nodeType": "CONNECTION",
            "properties": {
              "caseSensitive": {
                "value": false
              },
              "leftValueA": {
                "value": "[\n  {\n    \"children\": [\n      {\n        \"text\": \"\"\n      },\n      {\n        \"text\": \"\"\n      },\n      {\n        \"type\": \"link\",\n        \"src\": \"variable.svg\",\n        \"url\": \"gv-autoEnrollEmail\",\n        \"data\": \"{{global.company.variables.gv-autoEnrollEmail}}\",\n        \"tooltip\": \"{{global.company.variables.gv-autoEnrollEmail}}\",\n        \"children\": [\n          {\n            \"text\": \"gv-autoEnrollEmail\"\n          }\n        ]\n      },\n      {\n        \"text\": \"\"\n      }\n    ]\n  }\n]"
              },
              "nodeTitle": {
                "value": "Check if we should autoenroll Email -gv-autoEnrollEmail"
              },
              "rightValueB": {
                "value": "[\n  {\n    \"children\": [\n      {\n        \"text\": \"true\"\n      }\n    ]\n  }\n]"
              }
            },
            "status": "configured",
            "type": "trigger"
          },
          "grabbable": true,
          "group": "nodes",
          "locked": false,
          "pannable": false,
          "position": {
            "x": 570,
            "y": 510
          },
          "removed": false,
          "selectable": true,
          "selected": false
        },
        {
          "classes": "",
          "data": {
            "id": "brsc2k7uj4",
            "nodeType": "EVAL",
            "properties": {
              "w547kv0b67": {
                "value": "anyTriggersFalse"
              }
            }
          },
          "grabbable": true,
          "group": "nodes",
          "locked": false,
          "pannable": false,
          "position": {
            "x": 1125.008463998126,
            "y": 869.3247221803701
          },
          "removed": false,
          "selectable": true,
          "selected": false
        },
        {
          "classes": "",
          "data": {
            "capabilityName": "createErrorResponse",
            "connectionId": "867ed4363b2bc21c860085ad2baa817d",
            "connectorId": "httpConnector",
            "id": "w547kv0b67",
            "idUnique": "bu59qx9fq6",
            "label": "Http",
            "name": "Http",
            "nodeType": "CONNECTION",
            "properties": {
              "backgroundColor": {
                "value": "#ffc8c1ff"
              },
              "nodeTitle": {
                "value": "Return on false"
              }
            },
            "status": "configured",
            "type": "action"
          },
          "grabbable": true,
          "group": "nodes",
          "locked": false,
          "pannable": false,
          "position": {
            "x": 1303.987083270555,
            "y": 1022.7349672710237
          },
          "removed": false,
          "selectable": true,
          "selected": false
        },
        {
          "classes": "",
          "data": {
            "capabilityName": "updateAnnotationProperties",
            "connectionId": "921bfae85c38ed45045e07be703d86b8",
            "connectorId": "annotationConnector",
            "id": "gztz8fez9l",
            "name": "Annotation",
            "nodeType": "ANNOTATION",
            "properties": {
              "annotation": {
                "value": "Auto Enroll Email"
              },
              "annotationTextColor": {
                "value": "#ffffffff"
              },
              "backgroundColor": {
                "value": "#4462edff"
              },
              "cornerRadius": {
                "value": 8
              },
              "fontFamily": {
                "value": "sans-serif"
              },
              "fontSize": {
                "value": 16
              },
              "fontStyle": {
                "value": "bold"
              },
              "width": {
                "value": 1800
              }
            },
            "status": "configured",
            "type": "action"
          },
          "grabbable": true,
          "group": "nodes",
          "locked": false,
          "pannable": false,
          "position": {
            "x": 214,
            "y": 214
          },
          "removed": false,
          "selectable": true,
          "selected": false
        },
        {
          "classes": "",
          "data": {
            "capabilityName": "createErrorResponse",
            "connectionId": "867ed4363b2bc21c860085ad2baa817d",
            "connectorId": "httpConnector",
            "id": "y2g6mnx0bh",
            "label": "Http",
            "name": "Http",
            "nodeType": "CONNECTION",
            "properties": {
              "backgroundColor": {
                "value": "#ffc8c1ff"
              },
              "claimsNameValuePairs": {
                "value": [
                  {
                    "key": 0.3193554648015937,
                    "label": "errorReturn (string - flowInstance)",
                    "name": "errorReturn",
                    "nameDefault": "message",
                    "type": "string",
                    "value": "[\n  {\n    \"children\": [\n      {\n        \"text\": \"\"\n      },\n      {\n        \"text\": \"\"\n      },\n      {\n        \"type\": \"link\",\n        \"src\": \"pingIdentity.svg\",\n        \"url\": \"message\",\n        \"data\": \"{{local.2q8o7ctrmj.payload.error.message}}\",\n        \"tooltip\": \"{{local.2q8o7ctrmj.payload.error.message}}\",\n        \"children\": [\n          {\n            \"text\": \"message\"\n          }\n        ]\n      },\n      {\n        \"text\": \"\"\n      }\n    ]\n  }\n]"
                  }
                ]
              },
              "nodeTitle": {
                "value": "Return error"
              }
            },
            "status": "configured",
            "type": "action"
          },
          "grabbable": true,
          "group": "nodes",
          "locked": false,
          "pannable": false,
          "position": {
            "x": 1661.9443218154136,
            "y": 997.1665930892481
          },
          "removed": false,
          "selectable": true,
          "selected": false
        },
        {
          "classes": "",
          "data": {
            "capabilityName": "readAllDevices",
            "connectionId": "b72bd44e6be8180bd5988ac74cd9c949",
            "connectorId": "pingOneMfaConnector",
            "id": "bpkvxton27",
            "label": "PingOne MFA",
            "name": "PingOne MFA",
            "nodeType": "CONNECTION",
            "properties": {
              "userId": {
                "value": "[\n  {\n    \"children\": [\n      {\n        \"text\": \"\"\n      },\n      {\n        \"text\": \"\"\n      },\n      {\n        \"type\": \"link\",\n        \"src\": \"auth.svg\",\n        \"url\": \"p1UserId\",\n        \"data\": \"{{global.parameters.p1UserId}}\",\n        \"tooltip\": \"{{global.parameters.p1UserId}}\",\n        \"children\": [\n          {\n            \"text\": \"p1UserId\"\n          }\n        ]\n      },\n      {\n        \"text\": \"\"\n      }\n    ]\n  }\n]"
              }
            },
            "status": "configured",
            "type": "action"
          },
          "grabbable": true,
          "group": "nodes",
          "locked": false,
          "pannable": false,
          "position": {
            "x": 894.8930963621457,
            "y": 511.36748363551186
          },
          "removed": false,
          "selectable": true,
          "selected": false
        },
        {
          "classes": "",
          "data": {
            "id": "sy5ji6r90v",
            "label": "Evaluator",
            "nodeType": "EVAL",
            "properties": {
              "qibog9r3as": {
                "value": "anyTriggersFalse"
              }
            }
          },
          "grabbable": true,
          "group": "nodes",
          "locked": false,
          "pannable": false,
          "position": {
            "x": 1022.7349672710237,
            "y": 511.36748363551186
          },
          "removed": false,
          "selectable": true,
          "selected": false
        },
        {
          "classes": "",
          "data": {
            "capabilityName": "customFunction",
            "connectionId": "de650ca45593b82c49064ead10b9fe17",
            "connectorId": "functionsConnector",
            "id": "gn1zfrbhfn",
            "label": "Functions",
            "name": "Functions",
            "nodeType": "CONNECTION",
            "properties": {
              "code": {
                "value": "module.exports = async ({ params }) =\u003e {\n  console.log('params: ', params);\n\n  const devices = params.devices;\n\n  for (const device of devices) {\n    if (device.type.toUpperCase() === \"EMAIL\" \u0026\u0026 device.status === \"ACTIVE\") {\n      return { 'emailExists': true };\n    }\n  }\n}"
              },
              "nodeTitle": {
                "value": "Does an email device exist"
              },
              "outputSchema": {
                "value": "{\n\t\"output\": {\n\t\t\"type\": \"object\",\n\t\t\"properties\": {\n\t\t\t\"emailExists\": {\n\t\t\t\t\"type\": \"boolean\"\n\t\t\t}\n\t\t}\n\t}\n}"
              },
              "variableInputList": {
                "value": [
                  {
                    "name": "devices",
                    "preferredDataType": "object",
                    "value": "[\n  {\n    \"children\": [\n      {\n        \"text\": \"\"\n      },\n      {\n        \"text\": \"\"\n      },\n      {\n        \"type\": \"link\",\n        \"src\": \"pingIdentity.svg\",\n        \"url\": \"devices\",\n        \"data\": \"{{local.bpkvxton27.payload.output.rawResponse._embedded.devices}}\",\n        \"tooltip\": \"{{local.bpkvxton27.payload.output.rawResponse._embedded.devices}}\",\n        \"children\": [\n          {\n            \"text\": \"devices\"\n          }\n        ]\n      },\n      {\n        \"text\": \"\"\n      }\n    ]\n  }\n]"
                  }
                ]
              }
            },
            "status": "configured",
            "type": "trigger"
          },
          "grabbable": true,
          "group": "nodes",
          "locked": false,
          "pannable": false,
          "position": {
            "x": 1201.713586543453,
            "y": 511.36748363551186
          },
          "removed": false,
          "selectable": true,
          "selected": false
        },
        {
          "classes": "",
          "data": {
            "id": "fcvwwpmkeq",
            "label": "Evaluator",
            "nodeType": "EVAL",
            "properties": {
              "d60car20if": {
                "value": "anyTriggersFalse"
              }
            }
          },
          "grabbable": true,
          "group": "nodes",
          "locked": false,
          "pannable": false,
          "position": {
            "x": 690,
            "y": 510
          },
          "removed": false,
          "selectable": true,
          "selected": false
        },
        {
          "classes": "",
          "data": {
            "id": "ic158vw0c0",
            "label": "Evaluator",
            "nodeType": "EVAL",
            "properties": {
              "mnjtf03g2b": {
                "value": "anyTriggersFalse"
              }
            }
          },
          "grabbable": true,
          "group": "nodes",
          "locked": false,
          "pannable": false,
          "position": {
            "x": 1355.1238316341064,
            "y": 511.36748363551186
          },
          "removed": false,
          "selectable": true,
          "selected": false
        },
        {
          "classes": "",
          "data": {
            "capabilityName": "AEqualsB",
            "connectionId": "de650ca45593b82c49064ead10b9fe17",
            "connectorId": "functionsConnector",
            "id": "l8brhyefwk",
            "idUnique": "nxej26wueh",
            "label": "Functions",
            "name": "Functions",
            "nodeType": "CONNECTION",
            "properties": {
              "leftValueA": {
                "value": "[\n  {\n    \"children\": [\n      {\n        \"text\": \"\"\n      },\n      {\n        \"text\": \"\"\n      },\n      {\n        \"type\": \"link\",\n        \"src\": \"functions.svg\",\n        \"url\": \"emailExists\",\n        \"data\": \"{{local.gn1zfrbhfn.payload.output.emailExists}}\",\n        \"tooltip\": \"{{local.gn1zfrbhfn.payload.output.emailExists}}\",\n        \"children\": [\n          {\n            \"text\": \"emailExists\"\n          }\n        ]\n      },\n      {\n        \"text\": \"\"\n      }\n    ]\n  }\n]"
              },
              "nodeTitle": {
                "value": "Check if email exists"
              },
              "rightValueB": {
                "value": "[\n  {\n    \"children\": [\n      {\n        \"text\": \"true\"\n      }\n    ]\n  }\n]"
              },
              "type": {
                "value": "boolean"
              }
            },
            "status": "configured",
            "type": "trigger"
          },
          "grabbable": true,
          "group": "nodes",
          "locked": false,
          "pannable": false,
          "position": {
            "x": 1508.5340767247599,
            "y": 511.36748363551186
          },
          "removed": false,
          "selectable": true,
          "selected": false
        },
        {
          "classes": "",
          "data": {
            "capabilityName": "createErrorResponse",
            "connectionId": "867ed4363b2bc21c860085ad2baa817d",
            "connectorId": "httpConnector",
            "id": "qibog9r3as",
            "label": "Http",
            "name": "Http",
            "nodeType": "CONNECTION",
            "properties": {
              "backgroundColor": {
                "value": "#ffc8c1ff"
              },
              "claimsNameValuePairs": {
                "value": [
                  {
                    "key": 0.6376188939461238,
                    "label": "errorReturn (string - flowInstance)",
                    "name": "errorReturn",
                    "type": "string",
                    "value": "[\n  {\n    \"children\": [\n      {\n        \"text\": \"Read all devices failed, collecting MFA devices\"\n      }\n    ]\n  }\n]"
                  }
                ]
              },
              "nodeTitle": {
                "value": "Error from PingOne MFA read all devices"
              }
            },
            "status": "configured",
            "type": "action"
          },
          "grabbable": true,
          "group": "nodes",
          "locked": false,
          "pannable": false,
          "position": {
            "x": 1201.713586543453,
            "y": 639.2093545443898
          },
          "removed": false,
          "selectable": true,
          "selected": false
        },
        {
          "classes": "",
          "data": {
            "capabilityName": "createErrorResponse",
            "connectionId": "867ed4363b2bc21c860085ad2baa817d",
            "connectorId": "httpConnector",
            "id": "mnjtf03g2b",
            "label": "Http",
            "name": "Http",
            "nodeType": "CONNECTION",
            "properties": {
              "backgroundColor": {
                "value": "#ffc8c1ff"
              },
              "claimsNameValuePairs": {
                "value": [
                  {
                    "key": 0.719965513478507,
                    "label": "errorReturn (string - flowInstance)",
                    "name": "errorReturn",
                    "type": "string",
                    "value": "[\n  {\n    \"children\": [\n      {\n        \"text\": \"You all ready have Email registered\"\n      }\n    ]\n  }\n]"
                  }
                ]
              },
              "nodeTitle": {
                "value": "Return, user already has email device"
              }
            },
            "status": "configured",
            "type": "action"
          },
          "grabbable": true,
          "group": "nodes",
          "locked": false,
          "pannable": false,
          "position": {
            "x": 1534.1024509065355,
            "y": 613.6409803626142
          },
          "removed": false,
          "selectable": true,
          "selected": false
        },
        {
          "classes": "",
          "data": {
            "id": "mm221k8mtu",
            "label": "Evaluator",
            "nodeType": "EVAL",
            "properties": {
              "81w4xznzc9": {
                "value": "allTriggersTrue"
              },
              "hrnf7vf4v0": {
                "value": "anyTriggersFalse"
              },
              "ur10bxtnoi": {
                "value": "anyTriggersFalse"
              }
            }
          },
          "grabbable": true,
          "group": "nodes",
          "locked": false,
          "pannable": false,
          "position": {
            "x": 1661.9443218154136,
            "y": 511.36748363551186
          },
          "removed": false,
          "selectable": true,
          "selected": false
        },
        {
          "classes": "",
          "data": {
            "capabilityName": "startNode",
            "connectionId": "e7eae662d2ca276e4c6f097fc36a3bb1",
            "connectorId": "nodeConnector",
            "id": "muahcq7bwo",
            "label": "Teleport",
            "name": "Node",
            "nodeType": "CONNECTION",
            "properties": {
              "nodeTitle": {
                "value": "Create User"
              }
            },
            "status": "configured",
            "type": "trigger"
          },
          "grabbable": true,
          "group": "nodes",
          "locked": false,
          "pannable": false,
          "position": {
            "x": 971.5982189074725,
            "y": 869.3247221803701
          },
          "removed": false,
          "selectable": true,
          "selected": false
        },
        {
          "classes": "",
          "data": {
            "capabilityName": "goToNode",
            "connectionId": "e7eae662d2ca276e4c6f097fc36a3bb1",
            "connectorId": "nodeConnector",
            "id": "hrnf7vf4v0",
            "label": "Teleport",
            "name": "Node",
            "nodeType": "CONNECTION",
            "properties": {
              "nodeInstanceId": {
                "value": "muahcq7bwo"
              }
            },
            "status": "configured",
            "type": "action"
          },
          "grabbable": true,
          "group": "nodes",
          "locked": false,
          "pannable": false,
          "position": {
            "x": 1840.9229410878427,
            "y": 511.36748363551186
          },
          "removed": false,
          "selectable": true,
          "selected": false
        },
        {
          "classes": "",
          "data": {
            "capabilityName": "createSuccessResponse",
            "connectionId": "867ed4363b2bc21c860085ad2baa817d",
            "connectorId": "httpConnector",
            "id": "d60car20if",
            "idUnique": "q0qimobp25",
            "label": "Http",
            "name": "Http",
            "nodeType": "CONNECTION",
            "properties": {
              "backgroundColor": {
                "value": "#9dc967ff"
              },
              "nodeTitle": {
                "value": "Auto enroll turned off"
              }
            },
            "status": "configured",
            "type": "action"
          },
          "grabbable": true,
          "group": "nodes",
          "locked": false,
          "pannable": false,
          "position": {
            "x": 894.8930963621457,
            "y": 639.2093545443898
          },
          "removed": false,
          "selectable": true,
          "selected": false
        },
        {
          "classes": "",
          "data": {
            "capabilityName": "createSuccessResponse",
            "connectionId": "867ed4363b2bc21c860085ad2baa817d",
            "connectorId": "httpConnector",
            "id": "81w4xznzc9",
            "idUnique": "lvre97oyia",
            "label": "Http",
            "name": "Http",
            "nodeType": "CONNECTION",
            "properties": {
              "backgroundColor": {
                "value": "#9dc967ff"
              },
              "nodeTitle": {
                "value": "Email already exists"
              }
            },
            "status": "configured",
            "type": "action"
          },
          "grabbable": true,
          "group": "nodes",
          "locked": false,
          "pannable": false,
          "position": {
            "x": 1866.4913152696183,
            "y": 639.2093545443898
          },
          "removed": false,
          "selectable": true,
          "selected": false
        }
      ]
    },
    "maxZoom": 1e+50,
    "minZoom": 1e-50,
    "pan": {
      "x": 0,
      "y": 0
    },
    "panningEnabled": true,
    "renderer": {
      "name": "null"
    },
    "userPanningEnabled": true,
    "userZoomingEnabled": true,
    "zoom": 1,
    "zoomingEnabled": true
  },
  "inputSchemaCompiled": {
    "parameters": {
      "additionalProperties": false,
      "properties": {
        "p1Email": {
          "description": "",
          "isExpanded": true,
          "name": "p1Email",
          "preferredDataType": "string",
          "type": "string"
        },
        "p1UserId": {
          "description": "",
          "isExpanded": true,
          "name": "p1UserId",
          "preferredDataType": "string",
          "type": "string"
        }
      },
      "required": [],
      "type": "object"
    }
  },
  "isInputSchemaSaved": true,
  "settings": {
    "csp": "worker-src 'self' blob:; script-src 'self' https://cdn.jsdelivr.net https://code.jquery.com https://devsdk.singularkey.com http://cdnjs.cloudflare.com 'unsafe-inline' 'unsafe-eval';",
    "intermediateLoadingScreenCSS": "",
    "intermediateLoadingScreenHTML": "",
    "logLevel": 2
  },
  "trigger": {},
  "flowId": "fbe6ce188051b9bf9063baebcb6d8d9d",
  "companyId": "586df9f8-f4f8-4ac0-97ab-50fcea486b1c",
  "graphData": {
    "elements": {
      "nodes": [
        {
          "data": {
            "id": "708dc6aow8",
            "nodeType": "ANNOTATION",
            "connectionId": "921bfae85c38ed45045e07be703d86b8",
            "connectorId": "annotationConnector",
            "name": "Annotation",
            "status": "configured",
            "capabilityName": "updateAnnotationProperties",
            "type": "action",
            "properties": {
              "annotation": {
                "value": "Register email auto enroll"
              },
              "annotationTextColor": {
                "value": "#ffffffff"
              },
              "backgroundColor": {
                "value": "#5D00D6ff"
              },
              "cornerRadius": {
                "value": 8
              },
              "fontFamily": {
                "value": "sans-serif"
              },
              "fontSize": {
                "value": 14
              },
              "fontStyle": {
                "value": "bold"
              },
              "width": {
                "value": 1000
              }
            }
          },
          "position": {
            "x": 484,
            "y": 364
          },
          "group": "nodes",
          "removed": false,
          "selected": false,
          "selectable": true,
          "locked": false,
          "grabbable": true,
          "pannable": false,
          "classes": ""
        },
        {
          "data": {
            "id": "4nwm10m3zr",
            "nodeType": "CONNECTION",
            "connectionId": "06922a684039827499bdbdd97f49827b",
            "connectorId": "variablesConnector",
            "name": "Variables",
            "label": "Variables",
            "status": "configured",
            "capabilityName": "saveValue",
            "type": "trigger",
            "properties": {
              "nodeTitle": {
                "value": "Start"
              }
            }
          },
          "position": {
            "x": 300,
            "y": 510
          },
          "group": "nodes",
          "removed": false,
          "selected": false,
          "selectable": true,
          "locked": false,
          "grabbable": true,
          "pannable": false,
          "classes": ""
        },
        {
          "data": {
            "id": "2q8o7ctrmj",
            "nodeType": "CONNECTION",
            "connectionId": "b72bd44e6be8180bd5988ac74cd9c949",
            "connectorId": "pingOneMfaConnector",
            "name": "PingOne MFA",
            "label": "PingOne MFA - nuka",
            "status": "configured",
            "capabilityName": "createDevice",
            "type": "action",
            "properties": {
              "customDeviceType": {
                "value": "{}"
              },
              "customNotificationPolicyId": {
                "value": "{}"
              },
              "customTemplateVariant": {
                "value": "{}"
              },
              "device": {
                "value": "[\n  {\n    \"children\": [\n      {\n        \"text\": \"\"\n      },\n      {\n        \"text\": \"\"\n      },\n      {\n        \"type\": \"link\",\n        \"src\": \"functions.svg\",\n        \"url\": \"device\",\n        \"data\": \"{{local.t6ik0u7i4i.payload.output.device}}\",\n        \"tooltip\": \"{{local.t6ik0u7i4i.payload.output.device}}\",\n        \"children\": [\n          {\n            \"text\": \"device\"\n          }\n        ]\n      },\n      {\n        \"text\": \"\"\n      }\n    ]\n  }\n]"
              },
              "deviceType": {
                "value": "EMAIL"
              },
              "email": {
                "value": "[\n  {\n    \"children\": [\n      {\n        \"text\": \"\"\n      },\n      {\n        \"text\": \"\"\n      },\n      {\n        \"type\": \"link\",\n        \"src\": \"auth.svg\",\n        \"url\": \"p1Email\",\n        \"data\": \"{{global.parameters.p1Email}}\",\n        \"tooltip\": \"{{global.parameters.p1Email}}\",\n        \"children\": [\n          {\n            \"text\": \"p1Email\"\n          }\n        ]\n      },\n      {\n        \"text\": \"\"\n      }\n    ]\n  }\n]"
              },
              "nodeTitle": {
                "value": "Auto register Email"
              },
              "notificationPolicyId": {
                "value": "a62f6445-147b-4249-86d1-c73ccdcedfd6"
              },
              "status": {
                "value": "ACTIVE"
              },
              "templateVariables": {
                "value": [
                  {
                    "name": "companyLogo",
                    "preferredDataType": "string",
                    "value": "[\n  {\n    \"children\": [\n      {\n        \"text\": \"\"\n      },\n      {\n        \"text\": \"\"\n      },\n      {\n        \"type\": \"link\",\n        \"src\": \"variable.svg\",\n        \"url\": \"gv-companyLogo\",\n        \"data\": \"{{global.company.variables.gv-companyLogo}}\",\n        \"tooltip\": \"{{global.company.variables.gv-companyLogo}}\",\n        \"children\": [\n          {\n            \"text\": \"gv-companyLogo\"\n          }\n        ]\n      },\n      {\n        \"text\": \"\"\n      }\n    ]\n  }\n]"
                  }
                ]
              },
              "templateVariant": {
                "value": "OTP"
              },
              "userId": {
                "value": "[\n  {\n    \"children\": [\n      {\n        \"text\": \"\"\n      },\n      {\n        \"text\": \"\"\n      },\n      {\n        \"text\": \"\"\n      },\n      {\n        \"type\": \"link\",\n        \"src\": \"auth.svg\",\n        \"url\": \"p1UserId\",\n        \"data\": \"{{global.parameters.p1UserId}}\",\n        \"tooltip\": \"{{global.parameters.p1UserId}}\",\n        \"children\": [\n          {\n            \"text\": \"p1UserId\"\n          }\n        ]\n      },\n      {\n        \"text\": \"\"\n      }\n    ]\n  }\n]"
              }
            }
          },
          "position": {
            "x": 1303.987083270555,
            "y": 869.3247221803701
          },
          "group": "nodes",
          "removed": false,
          "selected": false,
          "selectable": true,
          "locked": false,
          "grabbable": true,
          "pannable": false,
          "classes": ""
        },
        {
          "data": {
            "id": "n0quwyscsi",
            "nodeType": "EVAL",
            "label": "Evaluator",
            "properties": {
              "y2g6mnx0bh": {
                "value": "anyTriggersFalse"
              }
            }
          },
          "position": {
            "x": 1431.8289541794331,
            "y": 869.3247221803701
          },
          "group": "nodes",
          "removed": false,
          "selected": false,
          "selectable": true,
          "locked": false,
          "grabbable": true,
          "pannable": false,
          "classes": ""
        },
        {
          "data": {
            "id": "zy9zqsq8ow",
            "nodeType": "CONNECTION",
            "connectionId": "867ed4363b2bc21c860085ad2baa817d",
            "connectorId": "httpConnector",
            "name": "Http",
            "label": "Http",
            "status": "configured",
            "capabilityName": "createSuccessResponse",
            "type": "action",
            "properties": {
              "backgroundColor": {
                "value": "#9dc967ff"
              },
              "nodeTitle": {
                "value": "Return success"
              }
            }
          },
          "position": {
            "x": 1661.9443218154136,
            "y": 869.3247221803701
          },
          "group": "nodes",
          "removed": false,
          "selected": false,
          "selectable": true,
          "locked": false,
          "grabbable": true,
          "pannable": false,
          "classes": ""
        },
        {
          "data": {
            "id": "3jrilzmhie",
            "nodeType": "EVAL",
            "label": "Evaluator",
            "properties": null
          },
          "position": {
            "x": 420,
            "y": 510
          },
          "group": "nodes",
          "removed": false,
          "selected": false,
          "selectable": true,
          "locked": false,
          "grabbable": true,
          "pannable": false,
          "classes": ""
        },
        {
          "data": {
            "id": "9y0nnf59o3",
            "nodeType": "CONNECTION",
            "connectionId": "de650ca45593b82c49064ead10b9fe17",
            "connectorId": "functionsConnector",
            "name": "Functions",
            "label": "Functions",
            "status": "configured",
            "capabilityName": "AEqualsB",
            "type": "trigger",
            "properties": {
              "caseSensitive": {
                "value": false
              },
              "leftValueA": {
                "value": "[\n  {\n    \"children\": [\n      {\n        \"text\": \"\"\n      },\n      {\n        \"text\": \"\"\n      },\n      {\n        \"type\": \"link\",\n        \"src\": \"variable.svg\",\n        \"url\": \"gv-autoEnrollEmail\",\n        \"data\": \"{{global.company.variables.gv-autoEnrollEmail}}\",\n        \"tooltip\": \"{{global.company.variables.gv-autoEnrollEmail}}\",\n        \"children\": [\n          {\n            \"text\": \"gv-autoEnrollEmail\"\n          }\n        ]\n      },\n      {\n        \"text\": \"\"\n      }\n    ]\n  }\n]"
              },
              "nodeTitle": {
                "value": "Check if we should autoenroll Email -gv-autoEnrollEmail"
              },
              "rightValueB": {
                "value": "[\n  {\n    \"children\": [\n      {\n        \"text\": \"true\"\n      }\n    ]\n  }\n]"
              }
            }
          },
          "position": {
            "x": 570,
            "y": 510
          },
          "group": "nodes",
          "removed": false,
          "selected": false,
          "selectable": true,
          "locked": false,
          "grabbable": true,
          "pannable": false,
          "classes": ""
        },
        {
          "data": {
            "id": "brsc2k7uj4",
            "nodeType": "EVAL",
            "properties": {
              "w547kv0b67": {
                "value": "anyTriggersFalse"
              }
            }
          },
          "position": {
            "x": 1125.008463998126,
            "y": 869.3247221803701
          },
          "group": "nodes",
          "removed": false,
          "selected": false,
          "selectable": true,
          "locked": false,
          "grabbable": true,
          "pannable": false,
          "classes": ""
        },
        {
          "data": {
            "id": "w547kv0b67",
            "nodeType": "CONNECTION",
            "connectionId": "867ed4363b2bc21c860085ad2baa817d",
            "connectorId": "httpConnector",
            "name": "Http",
            "label": "Http",
            "status": "configured",
            "capabilityName": "createErrorResponse",
            "type": "action",
            "properties": {
              "backgroundColor": {
                "value": "#ffc8c1ff"
              },
              "nodeTitle": {
                "value": "Return on false"
              }
            }
          },
          "position": {
            "x": 1303.987083270555,
            "y": 1022.7349672710237
          },
          "group": "nodes",
          "removed": false,
          "selected": false,
          "selectable": true,
          "locked": false,
          "grabbable": true,
          "pannable": false,
          "classes": ""
        },
        {
          "data": {
            "id": "gztz8fez9l",
            "nodeType": "ANNOTATION",
            "connectionId": "921bfae85c38ed45045e07be703d86b8",
            "connectorId": "annotationConnector",
            "name": "Annotation",
            "status": "configured",
            "capabilityName": "updateAnnotationProperties",
            "type": "action",
            "properties": {
              "annotation": {
                "value": "Auto Enroll Email"
              },
              "annotationTextColor": {
                "value": "#ffffffff"
              },
              "backgroundColor": {
                "value": "#4462edff"
              },
              "cornerRadius": {
                "value": 8
              },
              "fontFamily": {
                "value": "sans-serif"
              },
              "fontSize": {
                "value": 16
              },
              "fontStyle": {
                "value": "bold"
              },
              "width": {
                "value": 1800
              }
            }
          },
          "position": {
            "x": 214,
            "y": 214
          },
          "group": "nodes",
          "removed": false,
          "selected": false,
          "selectable": true,
          "locked": false,
          "grabbable": true,
          "pannable": false,
          "classes": ""
        },
        {
          "data": {
            "id": "y2g6mnx0bh",
            "nodeType": "CONNECTION",
            "connectionId": "867ed4363b2bc21c860085ad2baa817d",
            "connectorId": "httpConnector",
            "name": "Http",
            "label": "Http",
            "status": "configured",
            "capabilityName": "createErrorResponse",
            "type": "action",
            "properties": {
              "backgroundColor": {
                "value": "#ffc8c1ff"
              },
              "claimsNameValuePairs": {
                "value": [
                  {
                    "key": 0.3193554648015937,
                    "label": "errorReturn (string - flowInstance)",
                    "name": "errorReturn",
                    "nameDefault": "message",
                    "type": "string",
                    "value": "[\n  {\n    \"children\": [\n      {\n        \"text\": \"\"\n      },\n      {\n        \"text\": \"\"\n      },\n      {\n        \"type\": \"link\",\n        \"src\": \"pingIdentity.svg\",\n        \"url\": \"message\",\n        \"data\": \"{{local.2q8o7ctrmj.payload.error.message}}\",\n        \"tooltip\": \"{{local.2q8o7ctrmj.payload.error.message}}\",\n        \"children\": [\n          {\n            \"text\": \"message\"\n          }\n        ]\n      },\n      {\n        \"text\": \"\"\n      }\n    ]\n  }\n]"
                  }
                ]
              },
              "nodeTitle": {
                "value": "Return error"
              }
            }
          },
          "position": {
            "x": 1661.9443218154136,
            "y": 997.1665930892481
          },
          "group": "nodes",
          "removed": false,
          "selected": false,
          "selectable": true,
          "locked": false,
          "grabbable": true,
          "pannable": false,
          "classes": ""
        },
        {
          "data": {
            "id": "bpkvxton27",
            "nodeType": "CONNECTION",
            "connectionId": "b72bd44e6be8180bd5988ac74cd9c949",
            "connectorId": "pingOneMfaConnector",
            "name": "PingOne MFA",
            "label": "PingOne MFA",
            "status": "configured",
            "capabilityName": "readAllDevices",
            "type": "action",
            "properties": {
              "userId": {
                "value": "[\n  {\n    \"children\": [\n      {\n        \"text\": \"\"\n      },\n      {\n        \"text\": \"\"\n      },\n      {\n        \"type\": \"link\",\n        \"src\": \"auth.svg\",\n        \"url\": \"p1UserId\",\n        \"data\": \"{{global.parameters.p1UserId}}\",\n        \"tooltip\": \"{{global.parameters.p1UserId}}\",\n        \"children\": [\n          {\n            \"text\": \"p1UserId\"\n          }\n        ]\n      },\n      {\n        \"text\": \"\"\n      }\n    ]\n  }\n]"
              }
            }
          },
          "position": {
            "x": 894.8930963621457,
            "y": 511.36748363551186
          },
          "group": "nodes",
          "removed": false,
          "selected": false,
          "selectable": true,
          "locked": false,
          "grabbable": true,
          "pannable": false,
          "classes": ""
        },
        {
          "data": {
            "id": "sy5ji6r90v",
            "nodeType": "EVAL",
            "label": "Evaluator",
            "properties": {
              "qibog9r3as": {
                "value": "anyTriggersFalse"
              }
            }
          },
          "position": {
            "x": 1022.7349672710237,
            "y": 511.36748363551186
          },
          "group": "nodes",
          "removed": false,
          "selected": false,
          "selectable": true,
          "locked": false,
          "grabbable": true,
          "pannable": false,
          "classes": ""
        },
        {
          "data": {
            "id": "gn1zfrbhfn",
            "nodeType": "CONNECTION",
            "connectionId": "de650ca45593b82c49064ead10b9fe17",
            "connectorId": "functionsConnector",
            "name": "Functions",
            "label": "Functions",
            "status": "configured",
            "capabilityName": "customFunction",
            "type": "trigger",
            "properties": {
              "code": {
                "value": "module.exports = async ({ params }) =\u003e {\n  console.log('params: ', params);\n\n  const devices = params.devices;\n\n  for (const device of devices) {\n    if (device.type.toUpperCase() === \"EMAIL\" \u0026\u0026 device.status === \"ACTIVE\") {\n      return { 'emailExists': true };\n    }\n  }\n}"
              },
              "nodeTitle": {
                "value": "Does an email device exist"
              },
              "outputSchema": {
                "value": "{\n\t\"output\": {\n\t\t\"type\": \"object\",\n\t\t\"properties\": {\n\t\t\t\"emailExists\": {\n\t\t\t\t\"type\": \"boolean\"\n\t\t\t}\n\t\t}\n\t}\n}"
              },
              "variableInputList": {
                "value": [
                  {
                    "name": "devices",
                    "preferredDataType": "object",
                    "value": "[\n  {\n    \"children\": [\n      {\n        \"text\": \"\"\n      },\n      {\n        \"text\": \"\"\n      },\n      {\n        \"type\": \"link\",\n        \"src\": \"pingIdentity.svg\",\n        \"url\": \"devices\",\n        \"data\": \"{{local.bpkvxton27.payload.output.rawResponse._embedded.devices}}\",\n        \"tooltip\": \"{{local.bpkvxton27.payload.output.rawResponse._embedded.devices}}\",\n        \"children\": [\n          {\n            \"text\": \"devices\"\n          }\n        ]\n      },\n      {\n        \"text\": \"\"\n      }\n    ]\n  }\n]"
                  }
                ]
              }
            }
          },
          "position": {
            "x": 1201.713586543453,
            "y": 511.36748363551186
          },
          "group": "nodes",
          "removed": false,
          "selected": false,
          "selectable": true,
          "locked": false,
          "grabbable": true,
          "pannable": false,
          "classes": ""
        },
        {
          "data": {
            "id": "fcvwwpmkeq",
            "nodeType": "EVAL",
            "label": "Evaluator",
            "properties": {
              "d60car20if": {
                "value": "anyTriggersFalse"
              }
            }
          },
          "position": {
            "x": 690,
            "y": 510
          },
          "group": "nodes",
          "removed": false,
          "selected": false,
          "selectable": true,
          "locked": false,
          "grabbable": true,
          "pannable": false,
          "classes": ""
        },
        {
          "data": {
            "id": "ic158vw0c0",
            "nodeType": "EVAL",
            "label": "Evaluator",
            "properties": {
              "mnjtf03g2b": {
                "value": "anyTriggersFalse"
              }
            }
          },
          "position": {
            "x": 1355.1238316341064,
            "y": 511.36748363551186
          },
          "group": "nodes",
          "removed": false,
          "selected": false,
          "selectable": true,
          "locked": false,
          "grabbable": true,
          "pannable": false,
          "classes": ""
        },
        {
          "data": {
            "id": "l8brhyefwk",
            "nodeType": "CONNECTION",
            "connectionId": "de650ca45593b82c49064ead10b9fe17",
            "connectorId": "functionsConnector",
            "name": "Functions",
            "label": "Functions",
            "status": "configured",
            "capabilityName": "AEqualsB",
            "type": "trigger",
            "properties": {
              "leftValueA": {
                "value": "[\n  {\n    \"children\": [\n      {\n        \"text\": \"\"\n      },\n      {\n        \"text\": \"\"\n      },\n      {\n        \"type\": \"link\",\n        \"src\": \"functions.svg\",\n        \"url\": \"emailExists\",\n        \"data\": \"{{local.gn1zfrbhfn.payload.output.emailExists}}\",\n        \"tooltip\": \"{{local.gn1zfrbhfn.payload.output.emailExists}}\",\n        \"children\": [\n          {\n            \"text\": \"emailExists\"\n          }\n        ]\n      },\n      {\n        \"text\": \"\"\n      }\n    ]\n  }\n]"
              },
              "nodeTitle": {
                "value": "Check if email exists"
              },
              "rightValueB": {
                "value": "[\n  {\n    \"children\": [\n      {\n        \"text\": \"true\"\n      }\n    ]\n  }\n]"
              },
              "type": {
                "value": "boolean"
              }
            }
          },
          "position": {
            "x": 1508.5340767247599,
            "y": 511.36748363551186
          },
          "group": "nodes",
          "removed": false,
          "selected": false,
          "selectable": true,
          "locked": false,
          "grabbable": true,
          "pannable": false,
          "classes": ""
        },
        {
          "data": {
            "id": "qibog9r3as",
            "nodeType": "CONNECTION",
            "connectionId": "867ed4363b2bc21c860085ad2baa817d",
            "connectorId": "httpConnector",
            "name": "Http",
            "label": "Http",
            "status": "configured",
            "capabilityName": "createErrorResponse",
            "type": "action",
            "properties": {
              "backgroundColor": {
                "value": "#ffc8c1ff"
              },
              "claimsNameValuePairs": {
                "value": [
                  {
                    "key": 0.6376188939461238,
                    "label": "errorReturn (string - flowInstance)",
                    "name": "errorReturn",
                    "type": "string",
                    "value": "[\n  {\n    \"children\": [\n      {\n        \"text\": \"Read all devices failed, collecting MFA devices\"\n      }\n    ]\n  }\n]"
                  }
                ]
              },
              "nodeTitle": {
                "value": "Error from PingOne MFA read all devices"
              }
            }
          },
          "position": {
            "x": 1201.713586543453,
            "y": 639.2093545443898
          },
          "group": "nodes",
          "removed": false,
          "selected": false,
          "selectable": true,
          "locked": false,
          "grabbable": true,
          "pannable": false,
          "classes": ""
        },
        {
          "data": {
            "id": "mnjtf03g2b",
            "nodeType": "CONNECTION",
            "connectionId": "867ed4363b2bc21c860085ad2baa817d",
            "connectorId": "httpConnector",
            "name": "Http",
            "label": "Http",
            "status": "configured",
            "capabilityName": "createErrorResponse",
            "type": "action",
            "properties": {
              "backgroundColor": {
                "value": "#ffc8c1ff"
              },
              "claimsNameValuePairs": {
                "value": [
                  {
                    "key": 0.719965513478507,
                    "label": "errorReturn (string - flowInstance)",
                    "name": "errorReturn",
                    "type": "string",
                    "value": "[\n  {\n    \"children\": [\n      {\n        \"text\": \"You all ready have Email registered\"\n      }\n    ]\n  }\n]"
                  }
                ]
              },
              "nodeTitle": {
                "value": "Return, user already has email device"
              }
            }
          },
          "position": {
            "x": 1534.1024509065355,
            "y": 613.6409803626142
          },
          "group": "nodes",
          "removed": false,
          "selected": false,
          "selectable": true,
          "locked": false,
          "grabbable": true,
          "pannable": false,
          "classes": ""
        },
        {
          "data": {
            "id": "mm221k8mtu",
            "nodeType": "EVAL",
            "label": "Evaluator",
            "properties": {
              "81w4xznzc9": {
                "value": "allTriggersTrue"
              },
              "hrnf7vf4v0": {
                "value": "anyTriggersFalse"
              },
              "ur10bxtnoi": {
                "value": "anyTriggersFalse"
              }
            }
          },
          "position": {
            "x": 1661.9443218154136,
            "y": 511.36748363551186
          },
          "group": "nodes",
          "removed": false,
          "selected": false,
          "selectable": true,
          "locked": false,
          "grabbable": true,
          "pannable": false,
          "classes": ""
        },
        {
          "data": {
            "id": "muahcq7bwo",
            "nodeType": "CONNECTION",
            "connectionId": "e7eae662d2ca276e4c6f097fc36a3bb1",
            "connectorId": "nodeConnector",
            "name": "Node",
            "label": "Teleport",
            "status": "configured",
            "capabilityName": "startNode",
            "type": "trigger",
            "properties": {
              "nodeTitle": {
                "value": "Create User"
              }
            }
          },
          "position": {
            "x": 971.5982189074725,
            "y": 869.3247221803701
          },
          "group": "nodes",
          "removed": false,
          "selected": false,
          "selectable": true,
          "locked": false,
          "grabbable": true,
          "pannable": false,
          "classes": ""
        },
        {
          "data": {
            "id": "hrnf7vf4v0",
            "nodeType": "CONNECTION",
            "connectionId": "e7eae662d2ca276e4c6f097fc36a3bb1",
            "connectorId": "nodeConnector",
            "name": "Node",
            "label": "Teleport",
            "status": "configured",
            "capabilityName": "goToNode",
            "type": "action",
            "properties": {
              "nodeInstanceId": {
                "value": "muahcq7bwo"
              }
            }
          },
          "position": {
            "x": 1840.9229410878427,
            "y": 511.36748363551186
          },
          "group": "nodes",
          "removed": false,
          "selected": false,
          "selectable": true,
          "locked": false,
          "grabbable": true,
          "pannable": false,
          "classes": ""
        },
        {
          "data": {
            "id": "d60car20if",
            "nodeType": "CONNECTION",
            "connectionId": "867ed4363b2bc21c860085ad2baa817d",
            "connectorId": "httpConnector",
            "name": "Http",
            "label": "Http",
            "status": "configured",
            "capabilityName": "createSuccessResponse",
            "type": "action",
            "properties": {
              "backgroundColor": {
                "value": "#9dc967ff"
              },
              "nodeTitle": {
                "value": "Auto enroll turned off"
              }
            }
          },
          "position": {
            "x": 894.8930963621457,
            "y": 639.2093545443898
          },
          "group": "nodes",
          "removed": false,
          "selected": false,
          "selectable": true,
          "locked": false,
          "grabbable": true,
          "pannable": false,
          "classes": ""
        },
        {
          "data": {
            "id": "81w4xznzc9",
            "nodeType": "CONNECTION",
            "connectionId": "867ed4363b2bc21c860085ad2baa817d",
            "connectorId": "httpConnector",
            "name": "Http",
            "label": "Http",
            "status": "configured",
            "capabilityName": "createSuccessResponse",
            "type": "action",
            "properties": {
              "backgroundColor": {
                "value": "#9dc967ff"
              },
              "nodeTitle": {
                "value": "Email already exists"
              }
            }
          },
          "position": {
            "x": 1866.4913152696183,
            "y": 639.2093545443898
          },
          "group": "nodes",
          "removed": false,
          "selected": false,
          "selectable": true,
          "locked": false,
          "grabbable": true,
          "pannable": false,
          "classes": ""
        }
      ],
      "edges": [
        {
          "data": {
            "id": "texm5u5y7n",
            "source": "fcvwwpmkeq",
            "target": "d60car20if"
          },
          "position": {},
          "group": "edges",
          "removed": false,
          "selected": false,
          "selectable": true,
          "locked": false,
          "grabbable": true,
          "pannable": true,
          "classes": ""
        },
        {
          "data": {
            "id": "ulp0m7atfu",
            "source": "sy5ji6r90v",
            "target": "qibog9r3as"
          },
          "position": {},
          "group": "edges",
          "removed": false,
          "selected": false,
          "selectable": true,
          "locked": false,
          "grabbable": true,
          "pannable": true,
          "classes": ""
        },
        {
          "data": {
            "id": "lbnoequqbj",
            "source": "gn1zfrbhfn",
            "target": "ic158vw0c0"
          },
          "position": {},
          "group": "edges",
          "removed": false,
          "selected": false,
          "selectable": true,
          "locked": false,
          "grabbable": true,
          "pannable": true,
          "classes": ""
        },
        {
          "data": {
            "id": "ed7ho0tvsz",
            "source": "l8brhyefwk",
            "target": "mm221k8mtu"
          },
          "position": {},
          "group": "edges",
          "removed": false,
          "selected": false,
          "selectable": true,
          "locked": false,
          "grabbable": true,
          "pannable": true,
          "classes": ""
        },
        {
          "data": {
            "id": "n6f186dru0",
            "source": "sy5ji6r90v",
            "target": "gn1zfrbhfn"
          },
          "position": {},
          "group": "edges",
          "removed": false,
          "selected": false,
          "selectable": true,
          "locked": false,
          "grabbable": true,
          "pannable": true,
          "classes": ""
        },
        {
          "data": {
            "id": "6ttypvtpw3",
            "source": "3jrilzmhie",
            "target": "9y0nnf59o3"
          },
          "position": {},
          "group": "edges",
          "removed": false,
          "selected": false,
          "selectable": true,
          "locked": false,
          "grabbable": true,
          "pannable": true,
          "classes": ""
        },
        {
          "data": {
            "id": "10c1becs0c",
            "source": "brsc2k7uj4",
            "target": "w547kv0b67"
          },
          "position": {},
          "group": "edges",
          "removed": false,
          "selected": false,
          "selectable": true,
          "locked": false,
          "grabbable": true,
          "pannable": true,
          "classes": ""
        },
        {
          "data": {
            "id": "lykt574vkn",
            "source": "brsc2k7uj4",
            "target": "2q8o7ctrmj"
          },
          "position": {},
          "group": "edges",
          "removed": false,
          "selected": false,
          "selectable": true,
          "locked": false,
          "grabbable": true,
          "pannable": true,
          "classes": ""
        },
        {
          "data": {
            "id": "c50857t76e",
            "source": "n0quwyscsi",
            "target": "zy9zqsq8ow"
          },
          "position": {},
          "group": "edges",
          "removed": false,
          "selected": false,
          "selectable": true,
          "locked": false,
          "grabbable": true,
          "pannable": true,
          "classes": ""
        },
        {
          "data": {
            "id": "aoolsxyauo",
            "source": "2q8o7ctrmj",
            "target": "n0quwyscsi"
          },
          "position": {},
          "group": "edges",
          "removed": false,
          "selected": false,
          "selectable": true,
          "locked": false,
          "grabbable": true,
          "pannable": true,
          "classes": ""
        },
        {
          "data": {
            "id": "9r6plwtd77",
            "source": "4nwm10m3zr",
            "target": "3jrilzmhie"
          },
          "position": {},
          "group": "edges",
          "removed": false,
          "selected": false,
          "selectable": true,
          "locked": false,
          "grabbable": true,
          "pannable": true,
          "classes": ""
        },
        {
          "data": {
            "id": "4eqwxmmyj4",
            "source": "n0quwyscsi",
            "target": "y2g6mnx0bh"
          },
          "position": {},
          "group": "edges",
          "removed": false,
          "selected": false,
          "selectable": true,
          "locked": false,
          "grabbable": true,
          "pannable": true,
          "classes": ""
        },
        {
          "data": {
            "id": "cjn90rnsln",
            "source": "ic158vw0c0",
            "target": "mnjtf03g2b"
          },
          "position": {},
          "group": "edges",
          "removed": false,
          "selected": false,
          "selectable": true,
          "locked": false,
          "grabbable": true,
          "pannable": true,
          "classes": ""
        },
        {
          "data": {
            "id": "mq5ag6l6tr",
            "source": "ic158vw0c0",
            "target": "l8brhyefwk"
          },
          "position": {},
          "group": "edges",
          "removed": false,
          "selected": false,
          "selectable": true,
          "locked": false,
          "grabbable": true,
          "pannable": true,
          "classes": ""
        },
        {
          "data": {
            "id": "do0dtf6n8n",
            "source": "bpkvxton27",
            "target": "sy5ji6r90v"
          },
          "position": {},
          "group": "edges",
          "removed": false,
          "selected": false,
          "selectable": true,
          "locked": false,
          "grabbable": true,
          "pannable": true,
          "classes": ""
        },
        {
          "data": {
            "id": "2e5jafhrh8",
            "source": "9y0nnf59o3",
            "target": "fcvwwpmkeq"
          },
          "position": {},
          "group": "edges",
          "removed": false,
          "selected": false,
          "selectable": true,
          "locked": false,
          "grabbable": true,
          "pannable": true,
          "classes": ""
        },
        {
          "data": {
            "id": "8jt6k2gmj8",
            "source": "fcvwwpmkeq",
            "target": "bpkvxton27"
          },
          "position": {},
          "group": "edges",
          "removed": false,
          "selected": false,
          "selectable": true,
          "locked": false,
          "grabbable": true,
          "pannable": true,
          "classes": ""
        },
        {
          "data": {
            "id": "gl8bj0xgor",
            "source": "muahcq7bwo",
            "target": "brsc2k7uj4"
          },
          "position": {},
          "group": "edges",
          "removed": false,
          "selected": false,
          "selectable": true,
          "locked": false,
          "grabbable": true,
          "pannable": true,
          "classes": ""
        },
        {
          "data": {
            "id": "3p0o9pu2tl",
            "source": "mm221k8mtu",
            "target": "hrnf7vf4v0"
          },
          "position": {},
          "group": "edges",
          "removed": false,
          "selected": false,
          "selectable": true,
          "locked": false,
          "grabbable": true,
          "pannable": true,
          "classes": ""
        },
        {
          "data": {
            "id": "8llh4pzxrv",
            "source": "mm221k8mtu",
            "target": "81w4xznzc9"
          },
          "position": {},
          "group": "edges",
          "removed": false,
          "selected": false,
          "selectable": true,
          "locked": false,
          "grabbable": true,
          "pannable": true,
          "classes": ""
        }
      ]
    },
    "data": {},
    "zoomingEnabled": true,
    "userZoomingEnabled": true,
    "zoom": 1,
    "minZoom": 1e-50,
    "maxZoom": 1e+50,
    "panningEnabled": true,
    "userPanningEnabled": true,
    "pan": {},
    "boxSelectionEnabled": true,
    "renderer": {
      "name": "null"
    }
  },
  "inputSchema": [
    {
      "description": "",
      "isExpanded": true,
      "preferredControlType": "textField",
      "preferredDataType": "string",
      "propertyName": "p1UserId"
    },
    {
      "description": "",
      "isExpanded": true,
      "preferredControlType": "textField",
      "preferredDataType": "string",
      "propertyName": "p1Email"
    }
  ],
  "outputSchema": {},
  "outputSchemaCompiled": {},
  "flowColor": "#ff661c",
  "connectorIds": [
    "annotationConnector",
    "variablesConnector",
    "pingOneMfaConnector",
    "httpConnector",
    "functionsConnector",
    "nodeConnector"
  ],
  "savedDate": 1709329656183
}