{
  "customerId": "1d897d0ab2f9d0b8dc75c0bb15c6bd11",
  "flowStatus": "enabled",
  "currentVersion": 1,
  "publishedVersion": 1,
  "name": "PingOne Session Main Flow",
  "description": "Imported on Fri Mar 01 2024 21:46:10 GMT+0000 (Coordinated Universal Time)",
  "createdDate": 1709329574140,
  "updatedDate": 1709329574221,
  "deployedDate": 1709329574218,
  "enabledGraphData": {
    "boxSelectionEnabled": true,
    "data": {},
    "elements": {
      "edges": [
        {
          "classes": "",
          "data": {
            "id": "c7trfkylri",
            "source": "t0im3zjpdh",
            "target": "qklq9dhol4"
          },
          "grabbable": true,
          "group": "edges",
          "locked": false,
          "pannable": true,
          "position": {
            "x": 0,
            "y": 0
          },
          "removed": false,
          "selectable": true,
          "selected": false
        },
        {
          "classes": "",
          "data": {
            "id": "emucb01so1",
            "source": "ofk8hitz8r",
            "target": "zkumd1hvz"
          },
          "grabbable": true,
          "group": "edges",
          "locked": false,
          "pannable": true,
          "position": {
            "x": 0,
            "y": 0
          },
          "removed": false,
          "selectable": true,
          "selected": false
        },
        {
          "classes": "",
          "data": {
            "id": "mtltuph17g",
            "source": "zkumd1hvz",
            "target": "fbx7x6gnus"
          },
          "grabbable": true,
          "group": "edges",
          "locked": false,
          "pannable": true,
          "position": {
            "x": 0,
            "y": 0
          },
          "removed": false,
          "selectable": true,
          "selected": false
        },
        {
          "classes": "",
          "data": {
            "id": "2to7volmnk",
            "source": "dbcjwy026h",
            "target": "9b7cgoyv9z"
          },
          "grabbable": true,
          "group": "edges",
          "locked": false,
          "pannable": true,
          "position": {
            "x": 0,
            "y": 0
          },
          "removed": false,
          "selectable": true,
          "selected": false
        },
        {
          "classes": "",
          "data": {
            "id": "mwnduzih46",
            "source": "9b7cgoyv9z",
            "target": "z98ot8mzk7"
          },
          "grabbable": true,
          "group": "edges",
          "locked": false,
          "pannable": true,
          "position": {
            "x": 0,
            "y": 0
          },
          "removed": false,
          "selectable": true,
          "selected": false
        },
        {
          "classes": "",
          "data": {
            "id": "9elw1pkfp4",
            "source": "9b7cgoyv9z",
            "target": "h9zati6tdm"
          },
          "grabbable": true,
          "group": "edges",
          "locked": false,
          "pannable": true,
          "position": {
            "x": 0,
            "y": 0
          },
          "removed": false,
          "selectable": true,
          "selected": false
        },
        {
          "classes": "",
          "data": {
            "id": "7xytgqexja",
            "source": "z98ot8mzk7",
            "target": "t0im3zjpdh"
          },
          "grabbable": true,
          "group": "edges",
          "locked": false,
          "pannable": true,
          "position": {
            "x": 0,
            "y": 0
          },
          "removed": false,
          "selectable": true,
          "selected": false
        }
      ],
      "nodes": [
        {
          "classes": "",
          "data": {
            "capabilityName": "updateAnnotationProperties",
            "connectionId": "921bfae85c38ed45045e07be703d86b8",
            "connectorId": "annotationConnector",
            "id": "tbhg5pamsd",
            "name": "Annotation",
            "nodeType": "ANNOTATION",
            "properties": {
              "annotation": {
                "value": "No Active Session, Go to Sign In"
              },
              "annotationTextColor": {
                "value": "#000000"
              },
              "backgroundColor": {
                "value": "#f2f3f4ff"
              },
              "cornerRadius": {
                "value": 8
              },
              "fontFamily": {
                "value": "sans-serif"
              },
              "fontSize": {
                "value": 14
              },
              "strokeColor": {
                "value": "#181818ff"
              },
              "strokeEnabled": {
                "value": true
              },
              "strokeWidth": {
                "value": 1
              },
              "width": {
                "value": 250
              }
            },
            "status": "configured",
            "type": "action"
          },
          "grabbable": true,
          "group": "nodes",
          "locked": false,
          "pannable": false,
          "position": {
            "x": 536,
            "y": 540
          },
          "removed": false,
          "selectable": true,
          "selected": false
        },
        {
          "classes": "",
          "data": {
            "capabilityName": "updateAnnotationProperties",
            "connectionId": "921bfae85c38ed45045e07be703d86b8",
            "connectorId": "annotationConnector",
            "id": "mfg3o9r8de",
            "name": "Annotation",
            "nodeType": "ANNOTATION",
            "properties": {
              "annotation": {
                "value": "Create session and pass control back to PingOne for token issuance"
              },
              "annotationTextColor": {
                "value": "#000000"
              },
              "backgroundColor": {
                "value": "#f2f3f4ff"
              },
              "cornerRadius": {
                "value": 8
              },
              "fontFamily": {
                "value": "sans-serif"
              },
              "fontSize": {
                "value": 14
              },
              "height": {
                "value": 43
              },
              "strokeColor": {
                "value": "#181818ff"
              },
              "strokeEnabled": {
                "value": true
              },
              "strokeWidth": {
                "value": 1
              },
              "width": {
                "value": 400
              }
            },
            "status": "configured",
            "type": "action"
          },
          "grabbable": true,
          "group": "nodes",
          "locked": false,
          "pannable": false,
          "position": {
            "x": 476,
            "y": 900
          },
          "removed": false,
          "selectable": true,
          "selected": false
        },
        {
          "classes": "",
          "data": {
            "capabilityName": "updateAnnotationProperties",
            "connectionId": "921bfae85c38ed45045e07be703d86b8",
            "connectorId": "annotationConnector",
            "id": "df9ia9vsmb",
            "name": "Annotation",
            "nodeType": "ANNOTATION",
            "properties": {
              "annotation": {
                "value": "Sign On Success"
              },
              "annotationTextColor": {
                "value": "#ffffffff"
              },
              "backgroundColor": {
                "value": "#5D00D6ff"
              },
              "cornerRadius": {
                "value": 8
              },
              "fontFamily": {
                "value": "sans-serif"
              },
              "fontSize": {
                "value": 14
              },
              "fontStyle": {
                "value": "bold"
              },
              "width": {
                "value": 1000
              }
            },
            "status": "configured",
            "type": "action"
          },
          "grabbable": true,
          "group": "nodes",
          "locked": false,
          "pannable": false,
          "position": {
            "x": 214,
            "y": 814
          },
          "removed": false,
          "selectable": true,
          "selected": false
        },
        {
          "classes": "",
          "data": {
            "capabilityName": "updateAnnotationProperties",
            "connectionId": "921bfae85c38ed45045e07be703d86b8",
            "connectorId": "annotationConnector",
            "id": "fzhvaepr0k",
            "idUnique": "xefq4liuut",
            "name": "Annotation",
            "nodeType": "ANNOTATION",
            "properties": {
              "annotation": {
                "value": "Input Schema: userId"
              },
              "annotationTextColor": {
                "value": "#000000"
              },
              "backgroundColor": {
                "value": "#f7f7adff"
              },
              "cornerRadius": {
                "value": 8
              },
              "fontFamily": {
                "value": "sans-serif"
              },
              "fontSize": {
                "value": 14
              },
              "strokeColor": {
                "value": "#181818ff"
              },
              "strokeEnabled": {
                "value": false
              },
              "strokeWidth": {
                "value": 1
              },
              "width": {
                "value": 0
              }
            },
            "status": "configured",
            "type": "action"
          },
          "grabbable": true,
          "group": "nodes",
          "locked": false,
          "pannable": false,
          "position": {
            "x": 236,
            "y": 900
          },
          "removed": false,
          "selectable": true,
          "selected": false
        },
        {
          "classes": "",
          "data": {
            "capabilityName": "updateAnnotationProperties",
            "connectionId": "921bfae85c38ed45045e07be703d86b8",
            "connectorId": "annotationConnector",
            "id": "ubm8paq1y5",
            "name": "Annotation",
            "nodeType": "ANNOTATION",
            "properties": {
              "annotation": {
                "value": "Session Exists, Go to Sign On Success"
              },
              "annotationTextColor": {
                "value": "#000000"
              },
              "backgroundColor": {
                "value": "#f2f3f4ff"
              },
              "cornerRadius": {
                "value": 8
              },
              "fontFamily": {
                "value": "sans-serif"
              },
              "fontSize": {
                "value": 14
              },
              "strokeColor": {
                "value": "#181818ff"
              },
              "strokeEnabled": {
                "value": true
              },
              "strokeWidth": {
                "value": 1
              },
              "width": {
                "value": 300
              }
            },
            "status": "configured",
            "type": "action"
          },
          "grabbable": true,
          "group": "nodes",
          "locked": false,
          "pannable": false,
          "position": {
            "x": 506,
            "y": 330
          },
          "removed": false,
          "selectable": true,
          "selected": false
        },
        {
          "classes": "",
          "data": {
            "id": "9b7cgoyv9z",
            "label": "Evaluator",
            "nodeType": "EVAL",
            "properties": {
              "howu8n9hsc": {
                "value": "anyTriggersFalse"
              },
              "z98ot8mzk7": {
                "value": "anyTriggersFalse"
              }
            }
          },
          "grabbable": true,
          "group": "nodes",
          "locked": false,
          "pannable": false,
          "position": {
            "x": 506,
            "y": 450
          },
          "removed": false,
          "selectable": true,
          "selected": false
        },
        {
          "classes": "",
          "data": {
            "capabilityName": "startUiSubFlow",
            "connectionId": "2581eb287bb1d9bd29ae9886d675f89f",
            "connectorId": "flowConnector",
            "id": "z98ot8mzk7",
            "idUnique": "vfcvshnz3c",
            "label": "Flow",
            "name": "Flow Connector",
            "nodeType": "CONNECTION",
            "properties": {
              "nodeTitle": {
                "value": "Sign On Flow"
              },
              "subFlowId": {
                "value": {
                  "label": "PingOne Sign On with Registration, Password Reset and Recovery",
                  "value": "f5c8fa7a7ea381e789f7681cd425bb78"
                }
              },
              "subFlowVersionId": {
                "value": -1
              }
            },
            "status": "configured",
            "type": "trigger"
          },
          "grabbable": true,
          "group": "nodes",
          "locked": false,
          "pannable": false,
          "position": {
            "x": 656,
            "y": 630
          },
          "removed": false,
          "selectable": true,
          "selected": false
        },
        {
          "classes": "",
          "data": {
            "capabilityName": "returnSuccessResponseRedirect",
            "connectionId": "c3e6a164bde107954e93f5c09f0c8bce",
            "connectorId": "pingOneAuthenticationConnector",
            "id": "fbx7x6gnus",
            "label": "PingOne Authentication",
            "name": "PingOne Authentication",
            "nodeType": "CONNECTION",
            "properties": {
              "authenticationMethods": {
                "value": "pwd"
              },
              "backgroundColor": {
                "value": "#9dc967ff"
              },
              "idleTimeout": {
                "value": 43200
              },
              "nodeDescription": {
                "value": "Returns successful flow completion back to the PingOne application connection"
              },
              "nodeTitle": {
                "value": "Return success"
              },
              "userId": {
                "value": "[\n  {\n    \"children\": [\n      {\n        \"text\": \"\"\n      },\n      {\n        \"text\": \"\"\n      },\n      {\n        \"type\": \"link\",\n        \"src\": \"teleport.svg\",\n        \"url\": \"userId\",\n        \"data\": \"{{local.ofk8hitz8r.payload.output.userId}}\",\n        \"tooltip\": \"{{local.ofk8hitz8r.payload.output.userId}}\",\n        \"children\": [\n          {\n            \"text\": \"userId\"\n          }\n        ]\n      },\n      {\n        \"text\": \"\"\n      }\n    ]\n  }\n]"
              }
            },
            "status": "configured",
            "type": "action"
          },
          "grabbable": true,
          "group": "nodes",
          "locked": false,
          "pannable": false,
          "position": {
            "x": 656,
            "y": 1020
          },
          "removed": false,
          "selectable": true,
          "selected": false
        },
        {
          "classes": "",
          "data": {
            "capabilityName": "checkSession",
            "connectionId": "c3e6a164bde107954e93f5c09f0c8bce",
            "connectorId": "pingOneAuthenticationConnector",
            "id": "dbcjwy026h",
            "label": "PingOne Authentication 2",
            "name": "PingOne Authentication",
            "nodeType": "CONNECTION",
            "properties": {
              "authenticationMethodLastUsedIn": {
                "value": 480
              },
              "authenticatorLastSignOnQuantity": {
                "value": "1"
              },
              "authenticatorLastSignOnUnit": {
                "value": "minute"
              },
              "checkSessionAuthenticator": {
                "value": "pwd"
              },
              "nodeDescription": {
                "value": "Checks if the user has logged in with a password in the last 8 hours"
              },
              "nodeTitle": {
                "value": "Check for a session"
              }
            },
            "status": "configured",
            "type": "action"
          },
          "grabbable": true,
          "group": "nodes",
          "locked": false,
          "pannable": false,
          "position": {
            "x": 356,
            "y": 450
          },
          "removed": false,
          "selectable": true,
          "selected": false
        },
        {
          "classes": "",
          "data": {
            "capabilityName": "goToNode",
            "connectionId": "e7eae662d2ca276e4c6f097fc36a3bb1",
            "connectorId": "nodeConnector",
            "id": "h9zati6tdm",
            "label": "Teleport",
            "name": "Node",
            "nodeType": "CONNECTION",
            "properties": {
              "nodeInstanceId": {
                "value": "ofk8hitz8r"
              },
              "nodeTitle": {
                "value": "Go to Sign On Success"
              },
              "userId": {
                "value": "[\n  {\n    \"children\": [\n      {\n        \"text\": \"\"\n      },\n      {\n        \"text\": \"\"\n      },\n      {\n        \"type\": \"moustache\",\n        \"data\": \"{{local.dbcjwy026h.payload.output.session.user.id}}\",\n        \"name\": \"id\",\n        \"children\": [\n          {\n            \"text\": \"\"\n          }\n        ]\n      },\n      {\n        \"text\": \"\"\n      }\n    ]\n  }\n]"
              }
            },
            "status": "configured",
            "type": "action"
          },
          "grabbable": true,
          "group": "nodes",
          "locked": false,
          "pannable": false,
          "position": {
            "x": 656,
            "y": 450
          },
          "removed": false,
          "selectable": true,
          "selected": false
        },
        {
          "classes": "",
          "data": {
            "capabilityName": "startNode",
            "connectionId": "e7eae662d2ca276e4c6f097fc36a3bb1",
            "connectorId": "nodeConnector",
            "id": "ofk8hitz8r",
            "label": "Node [2023-01-09]",
            "name": "Node",
            "nodeType": "CONNECTION",
            "properties": {
              "inputSchema": {
                "value": "{\n\t\"type\": \"object\",\n\t\"properties\": {\n\t\t\"userId\": {\n\t\t\t\"type\": \"string\",\n\t\t\t\"displayName\": \"User Id\",\n\t\t\t\"preferredControlType\": \"textField\",\n\t\t\t\"enableParameters\": true,\n\t\t\t\"propertyName\": \"userId\"\n\t\t}\n\t}\n}"
              },
              "nodeTitle": {
                "value": "Sign On Success"
              }
            },
            "status": "configured",
            "type": "trigger"
          },
          "grabbable": true,
          "group": "nodes",
          "locked": false,
          "pannable": false,
          "position": {
            "x": 334,
            "y": 1024
          },
          "removed": false,
          "selectable": true,
          "selected": false
        },
        {
          "classes": "",
          "data": {
            "id": "zkumd1hvz",
            "nodeType": "EVAL"
          },
          "grabbable": true,
          "group": "nodes",
          "locked": false,
          "pannable": false,
          "position": {
            "x": 424,
            "y": 1024
          },
          "removed": false,
          "selectable": true,
          "selected": false
        },
        {
          "classes": "",
          "data": {
            "capabilityName": "updateAnnotationProperties",
            "connectionId": "921bfae85c38ed45045e07be703d86b8",
            "connectorId": "annotationConnector",
            "id": "biuicowucn",
            "idUnique": "9c4uyspv8m",
            "name": "Annotation",
            "nodeType": "ANNOTATION",
            "properties": {
              "annotation": {
                "value": "PingOne - Sign On and Password Reset"
              },
              "annotationTextColor": {
                "value": "#ffffffff"
              },
              "backgroundColor": {
                "value": "#4462edff"
              },
              "cornerRadius": {
                "value": 8
              },
              "fontFamily": {
                "value": "sans-serif"
              },
              "fontSize": {
                "value": 0
              },
              "fontStyle": {
                "value": "bold"
              },
              "width": {
                "value": 1200
              }
            },
            "status": "configured",
            "type": "action"
          },
          "grabbable": true,
          "group": "nodes",
          "locked": false,
          "pannable": false,
          "position": {
            "x": 214,
            "y": 214
          },
          "removed": false,
          "selectable": true,
          "selected": false
        },
        {
          "classes": "",
          "data": {
            "id": "t0im3zjpdh",
            "label": "Evaluator",
            "nodeType": "EVAL"
          },
          "grabbable": true,
          "group": "nodes",
          "locked": false,
          "pannable": false,
          "position": {
            "x": 806,
            "y": 630
          },
          "removed": false,
          "selectable": true,
          "selected": false
        },
        {
          "classes": "",
          "data": {
            "capabilityName": "goToNode",
            "connectionId": "e7eae662d2ca276e4c6f097fc36a3bb1",
            "connectorId": "nodeConnector",
            "id": "qklq9dhol4",
            "label": "Node",
            "name": "Node",
            "nodeType": "CONNECTION",
            "properties": {
              "nodeInstanceId": {
                "value": "ofk8hitz8r"
              },
              "nodeTitle": {
                "value": "Go to Sign On Success"
              },
              "userId": {
                "value": "[\n  {\n    \"children\": [\n      {\n        \"text\": \"\"\n      },\n      {\n        \"text\": \"\"\n      },\n      {\n        \"type\": \"link\",\n        \"src\": \"flow-connector.svg\",\n        \"url\": \"userId\",\n        \"data\": \"{{local.z98ot8mzk7.payload.output.userId}}\",\n        \"tooltip\": \"{{local.z98ot8mzk7.payload.output.userId}}\",\n        \"children\": [\n          {\n            \"text\": \"userId\"\n          }\n        ]\n      },\n      {\n        \"text\": \"\"\n      }\n    ]\n  }\n]"
              }
            },
            "status": "configured",
            "type": "action"
          },
          "grabbable": true,
          "group": "nodes",
          "locked": false,
          "pannable": false,
          "position": {
            "x": 986,
            "y": 630
          },
          "removed": false,
          "selectable": true,
          "selected": false
        },
        {
          "classes": "",
          "data": {
            "capabilityName": "updateAnnotationProperties",
            "connectionId": "921bfae85c38ed45045e07be703d86b8",
            "connectorId": "annotationConnector",
            "id": "aczu416xup",
            "name": "Annotation",
            "nodeType": "ANNOTATION",
            "properties": {
              "annotation": {
                "value": "Sign On Flow returns userId via JSON Success"
              },
              "annotationTextColor": {
                "value": "#000000"
              },
              "backgroundColor": {
                "value": "#f2f3f4ff"
              },
              "cornerRadius": {
                "value": 8
              },
              "fontFamily": {
                "value": "sans-serif"
              },
              "fontSize": {
                "value": 14
              },
              "strokeColor": {
                "value": "#181818ff"
              },
              "strokeEnabled": {
                "value": true
              },
              "strokeWidth": {
                "value": 1
              },
              "width": {
                "value": 400
              }
            },
            "status": "configured",
            "type": "action"
          },
          "grabbable": true,
          "group": "nodes",
          "locked": false,
          "pannable": false,
          "position": {
            "x": 806,
            "y": 540
          },
          "removed": false,
          "selectable": true,
          "selected": false
        },
        {
          "classes": "",
          "data": {
            "capabilityName": "updateAnnotationProperties",
            "connectionId": "921bfae85c38ed45045e07be703d86b8",
            "connectorId": "annotationConnector",
            "id": "f1qqhi3on6",
            "idUnique": "spuozs7bzp",
            "name": "Annotation",
            "nodeType": "ANNOTATION",
            "properties": {
              "annotation": {
                "value": "Master Flow for PingOne Sessions"
              },
              "annotationTextColor": {
                "value": "#ffffffff"
              },
              "backgroundColor": {
                "value": "#5D00D6ff"
              },
              "cornerRadius": {
                "value": 8
              },
              "fontFamily": {
                "value": "sans-serif"
              },
              "fontSize": {
                "value": 14
              },
              "fontStyle": {
                "value": "bold"
              },
              "width": {
                "value": 700
              }
            },
            "status": "configured",
            "type": "action"
          },
          "grabbable": true,
          "group": "nodes",
          "locked": false,
          "pannable": false,
          "position": {
            "x": 214,
            "y": 274
          },
          "removed": false,
          "selectable": true,
          "selected": false
        }
      ]
    },
    "maxZoom": 1e+50,
    "minZoom": 1e-50,
    "pan": {
      "x": 0,
      "y": 0
    },
    "panningEnabled": true,
    "renderer": {
      "name": "null"
    },
    "userPanningEnabled": true,
    "userZoomingEnabled": true,
    "zoom": 1,
    "zoomingEnabled": true
  },
  "inputSchemaCompiled": {
    "parameters": {
      "additionalProperties": false,
      "properties": {
        "application": {
          "description": "An object that specifies the configuration information about the PingOne application that initiated the authentication request.",
          "isExpanded": true,
          "name": "application",
          "preferredDataType": "object",
          "type": "object"
        },
        "authorizationRequest": {
          "description": "An object that specifies all the parameters from the OIDC authorization request.",
          "isExpanded": true,
          "name": "authorizationRequest",
          "preferredDataType": "object",
          "type": "object"
        },
        "loginHint": {
          "description": "A string that specifies an identifier to pre-fill the username field of a sign-on screen.",
          "isExpanded": true,
          "name": "loginHint",
          "preferredDataType": "string",
          "type": "string"
        },
        "maxSecondsSinceLastSignOn": {
          "description": "An integer that specifies the maximum amount of time allowed (in seconds) since the user last authenticated. If the user's last sign on in the session is greater than the integer value specified in this property, then existing session information cannot be used to skip authentication or influence any authentication logic. This value is set automatically to 0 if prompt=login is set for an OIDC application or if ForceAuthn=true is set for a SAML application. Otherwise, this value is set to the max_age property value for OIDC applications, if present, or omitted otherwise.",
          "isExpanded": true,
          "name": "maxSecondsSinceLastSignOn",
          "preferredDataType": "number",
          "type": "number"
        },
        "relayState": {
          "description": "Internal information that is only useful to P1. This is meant to be opaque and may be changed or removed in the future.",
          "isExpanded": true,
          "name": "relayState",
          "preferredDataType": "object",
          "type": "object"
        },
        "samlRequest": {
          "description": "An object that specifies all the parameters from the SAML request.",
          "isExpanded": true,
          "name": "samlRequest",
          "preferredDataType": "object",
          "type": "object"
        }
      },
      "required": [
        "application",
        "relayState"
      ],
      "type": "object"
    }
  },
  "settings": {
    "csp": "worker-src 'self' blob:; script-src 'self' https://cdn.jsdelivr.net https://code.jquery.com https://devsdk.singularkey.com http://cdnjs.cloudflare.com 'unsafe-inline' 'unsafe-eval';",
    "css": ".companyLogo {\n    /* Ping Logo  */\n    content: url(\"https://assets.pingone.com/ux/ui-library/5.0.2/images/logo-pingidentity.png\");\n    width: 65px;\n    height: 65px;\n}",
    "cssLinks": [
      "https://assets.pingone.com/ux/end-user-nano/0.1.0-alpha.0/end-user-nano.css",
      "https://assets.pingone.com/ux/astro-nano/0.1.0-alpha.6/icons.css"
    ],
    "debugMode": false,
    "intermediateLoadingScreenCSS": "",
    "intermediateLoadingScreenHTML": "",
    "logLevel": 2,
    "pingOneFlow": true,
    "scrubSensitiveInfo": false,
    "sensitiveInfoFields": [],
    "useBetaAlgorithm": true,
    "useCustomCSS": true
  },
  "trigger": {
    "type": "AUTHENTICATION"
  },
  "flowId": "32217609c6bf60ba8fed9777cbe4e632",
  "companyId": "586df9f8-f4f8-4ac0-97ab-50fcea486b1c",
  "graphData": {
    "elements": {
      "nodes": [
        {
          "data": {
            "id": "tbhg5pamsd",
            "nodeType": "ANNOTATION",
            "connectionId": "921bfae85c38ed45045e07be703d86b8",
            "connectorId": "annotationConnector",
            "name": "Annotation",
            "status": "configured",
            "capabilityName": "updateAnnotationProperties",
            "type": "action",
            "properties": {
              "annotation": {
                "value": "No Active Session, Go to Sign In"
              },
              "annotationTextColor": {
                "value": "#000000"
              },
              "backgroundColor": {
                "value": "#f2f3f4ff"
              },
              "cornerRadius": {
                "value": 8
              },
              "fontFamily": {
                "value": "sans-serif"
              },
              "fontSize": {
                "value": 14
              },
              "strokeColor": {
                "value": "#181818ff"
              },
              "strokeEnabled": {
                "value": true
              },
              "strokeWidth": {
                "value": 1
              },
              "width": {
                "value": 250
              }
            }
          },
          "position": {
            "x": 536,
            "y": 540
          },
          "group": "nodes",
          "removed": false,
          "selected": false,
          "selectable": true,
          "locked": false,
          "grabbable": true,
          "pannable": false,
          "classes": ""
        },
        {
          "data": {
            "id": "mfg3o9r8de",
            "nodeType": "ANNOTATION",
            "connectionId": "921bfae85c38ed45045e07be703d86b8",
            "connectorId": "annotationConnector",
            "name": "Annotation",
            "status": "configured",
            "capabilityName": "updateAnnotationProperties",
            "type": "action",
            "properties": {
              "annotation": {
                "value": "Create session and pass control back to PingOne for token issuance"
              },
              "annotationTextColor": {
                "value": "#000000"
              },
              "backgroundColor": {
                "value": "#f2f3f4ff"
              },
              "cornerRadius": {
                "value": 8
              },
              "fontFamily": {
                "value": "sans-serif"
              },
              "fontSize": {
                "value": 14
              },
              "height": {
                "value": 43
              },
              "strokeColor": {
                "value": "#181818ff"
              },
              "strokeEnabled": {
                "value": true
              },
              "strokeWidth": {
                "value": 1
              },
              "width": {
                "value": 400
              }
            }
          },
          "position": {
            "x": 476,
            "y": 900
          },
          "group": "nodes",
          "removed": false,
          "selected": false,
          "selectable": true,
          "locked": false,
          "grabbable": true,
          "pannable": false,
          "classes": ""
        },
        {
          "data": {
            "id": "df9ia9vsmb",
            "nodeType": "ANNOTATION",
            "connectionId": "921bfae85c38ed45045e07be703d86b8",
            "connectorId": "annotationConnector",
            "name": "Annotation",
            "status": "configured",
            "capabilityName": "updateAnnotationProperties",
            "type": "action",
            "properties": {
              "annotation": {
                "value": "Sign On Success"
              },
              "annotationTextColor": {
                "value": "#ffffffff"
              },
              "backgroundColor": {
                "value": "#5D00D6ff"
              },
              "cornerRadius": {
                "value": 8
              },
              "fontFamily": {
                "value": "sans-serif"
              },
              "fontSize": {
                "value": 14
              },
              "fontStyle": {
                "value": "bold"
              },
              "width": {
                "value": 1000
              }
            }
          },
          "position": {
            "x": 214,
            "y": 814
          },
          "group": "nodes",
          "removed": false,
          "selected": false,
          "selectable": true,
          "locked": false,
          "grabbable": true,
          "pannable": false,
          "classes": ""
        },
        {
          "data": {
            "id": "fzhvaepr0k",
            "nodeType": "ANNOTATION",
            "connectionId": "921bfae85c38ed45045e07be703d86b8",
            "connectorId": "annotationConnector",
            "name": "Annotation",
            "status": "configured",
            "capabilityName": "updateAnnotationProperties",
            "type": "action",
            "properties": {
              "annotation": {
                "value": "Input Schema: userId"
              },
              "annotationTextColor": {
                "value": "#000000"
              },
              "backgroundColor": {
                "value": "#f7f7adff"
              },
              "cornerRadius": {
                "value": 8
              },
              "fontFamily": {
                "value": "sans-serif"
              },
              "fontSize": {
                "value": 14
              },
              "strokeColor": {
                "value": "#181818ff"
              },
              "strokeEnabled": {
                "value": false
              },
              "strokeWidth": {
                "value": 1
              },
              "width": {
                "value": 0
              }
            }
          },
          "position": {
            "x": 236,
            "y": 900
          },
          "group": "nodes",
          "removed": false,
          "selected": false,
          "selectable": true,
          "locked": false,
          "grabbable": true,
          "pannable": false,
          "classes": ""
        },
        {
          "data": {
            "id": "ubm8paq1y5",
            "nodeType": "ANNOTATION",
            "connectionId": "921bfae85c38ed45045e07be703d86b8",
            "connectorId": "annotationConnector",
            "name": "Annotation",
            "status": "configured",
            "capabilityName": "updateAnnotationProperties",
            "type": "action",
            "properties": {
              "annotation": {
                "value": "Session Exists, Go to Sign On Success"
              },
              "annotationTextColor": {
                "value": "#000000"
              },
              "backgroundColor": {
                "value": "#f2f3f4ff"
              },
              "cornerRadius": {
                "value": 8
              },
              "fontFamily": {
                "value": "sans-serif"
              },
              "fontSize": {
                "value": 14
              },
              "strokeColor": {
                "value": "#181818ff"
              },
              "strokeEnabled": {
                "value": true
              },
              "strokeWidth": {
                "value": 1
              },
              "width": {
                "value": 300
              }
            }
          },
          "position": {
            "x": 506,
            "y": 330
          },
          "group": "nodes",
          "removed": false,
          "selected": false,
          "selectable": true,
          "locked": false,
          "grabbable": true,
          "pannable": false,
          "classes": ""
        },
        {
          "data": {
            "id": "9b7cgoyv9z",
            "nodeType": "EVAL",
            "label": "Evaluator",
            "properties": {
              "howu8n9hsc": {
                "value": "anyTriggersFalse"
              },
              "z98ot8mzk7": {
                "value": "anyTriggersFalse"
              }
            }
          },
          "position": {
            "x": 506,
            "y": 450
          },
          "group": "nodes",
          "removed": false,
          "selected": false,
          "selectable": true,
          "locked": false,
          "grabbable": true,
          "pannable": false,
          "classes": ""
        },
        {
          "data": {
            "id": "z98ot8mzk7",
            "nodeType": "CONNECTION",
            "connectionId": "2581eb287bb1d9bd29ae9886d675f89f",
            "connectorId": "flowConnector",
            "name": "Flow Connector",
            "label": "Flow",
            "status": "configured",
            "capabilityName": "startUiSubFlow",
            "type": "trigger",
            "properties": {
              "nodeTitle": {
                "value": "Sign On Flow"
              },
              "subFlowId": {
                "value": {
                  "label": "PingOne Sign On with Registration, Password Reset and Recovery",
                  "value": "f5c8fa7a7ea381e789f7681cd425bb78"
                }
              },
              "subFlowVersionId": {
                "value": -1
              }
            }
          },
          "position": {
            "x": 656,
            "y": 630
          },
          "group": "nodes",
          "removed": false,
          "selected": false,
          "selectable": true,
          "locked": false,
          "grabbable": true,
          "pannable": false,
          "classes": ""
        },
        {
          "data": {
            "id": "fbx7x6gnus",
            "nodeType": "CONNECTION",
            "connectionId": "c3e6a164bde107954e93f5c09f0c8bce",
            "connectorId": "pingOneAuthenticationConnector",
            "name": "PingOne Authentication",
            "label": "PingOne Authentication",
            "status": "configured",
            "capabilityName": "returnSuccessResponseRedirect",
            "type": "action",
            "properties": {
              "authenticationMethods": {
                "value": "pwd"
              },
              "backgroundColor": {
                "value": "#9dc967ff"
              },
              "idleTimeout": {
                "value": 43200
              },
              "nodeDescription": {
                "value": "Returns successful flow completion back to the PingOne application connection"
              },
              "nodeTitle": {
                "value": "Return success"
              },
              "userId": {
                "value": "[\n  {\n    \"children\": [\n      {\n        \"text\": \"\"\n      },\n      {\n        \"text\": \"\"\n      },\n      {\n        \"type\": \"link\",\n        \"src\": \"teleport.svg\",\n        \"url\": \"userId\",\n        \"data\": \"{{local.ofk8hitz8r.payload.output.userId}}\",\n        \"tooltip\": \"{{local.ofk8hitz8r.payload.output.userId}}\",\n        \"children\": [\n          {\n            \"text\": \"userId\"\n          }\n        ]\n      },\n      {\n        \"text\": \"\"\n      }\n    ]\n  }\n]"
              }
            }
          },
          "position": {
            "x": 656,
            "y": 1020
          },
          "group": "nodes",
          "removed": false,
          "selected": false,
          "selectable": true,
          "locked": false,
          "grabbable": true,
          "pannable": false,
          "classes": ""
        },
        {
          "data": {
            "id": "dbcjwy026h",
            "nodeType": "CONNECTION",
            "connectionId": "c3e6a164bde107954e93f5c09f0c8bce",
            "connectorId": "pingOneAuthenticationConnector",
            "name": "PingOne Authentication",
            "label": "PingOne Authentication 2",
            "status": "configured",
            "capabilityName": "checkSession",
            "type": "action",
            "properties": {
              "authenticationMethodLastUsedIn": {
                "value": 480
              },
              "authenticatorLastSignOnQuantity": {
                "value": "1"
              },
              "authenticatorLastSignOnUnit": {
                "value": "minute"
              },
              "checkSessionAuthenticator": {
                "value": "pwd"
              },
              "nodeDescription": {
                "value": "Checks if the user has logged in with a password in the last 8 hours"
              },
              "nodeTitle": {
                "value": "Check for a session"
              }
            }
          },
          "position": {
            "x": 356,
            "y": 450
          },
          "group": "nodes",
          "removed": false,
          "selected": false,
          "selectable": true,
          "locked": false,
          "grabbable": true,
          "pannable": false,
          "classes": ""
        },
        {
          "data": {
            "id": "h9zati6tdm",
            "nodeType": "CONNECTION",
            "connectionId": "e7eae662d2ca276e4c6f097fc36a3bb1",
            "connectorId": "nodeConnector",
            "name": "Node",
            "label": "Teleport",
            "status": "configured",
            "capabilityName": "goToNode",
            "type": "action",
            "properties": {
              "nodeInstanceId": {
                "value": "ofk8hitz8r"
              },
              "nodeTitle": {
                "value": "Go to Sign On Success"
              },
              "userId": {
                "value": "[\n  {\n    \"children\": [\n      {\n        \"text\": \"\"\n      },\n      {\n        \"text\": \"\"\n      },\n      {\n        \"type\": \"moustache\",\n        \"data\": \"{{local.dbcjwy026h.payload.output.session.user.id}}\",\n        \"name\": \"id\",\n        \"children\": [\n          {\n            \"text\": \"\"\n          }\n        ]\n      },\n      {\n        \"text\": \"\"\n      }\n    ]\n  }\n]"
              }
            }
          },
          "position": {
            "x": 656,
            "y": 450
          },
          "group": "nodes",
          "removed": false,
          "selected": false,
          "selectable": true,
          "locked": false,
          "grabbable": true,
          "pannable": false,
          "classes": ""
        },
        {
          "data": {
            "id": "ofk8hitz8r",
            "nodeType": "CONNECTION",
            "connectionId": "e7eae662d2ca276e4c6f097fc36a3bb1",
            "connectorId": "nodeConnector",
            "name": "Node",
            "label": "Node [2023-01-09]",
            "status": "configured",
            "capabilityName": "startNode",
            "type": "trigger",
            "properties": {
              "inputSchema": {
                "value": "{\n\t\"type\": \"object\",\n\t\"properties\": {\n\t\t\"userId\": {\n\t\t\t\"type\": \"string\",\n\t\t\t\"displayName\": \"User Id\",\n\t\t\t\"preferredControlType\": \"textField\",\n\t\t\t\"enableParameters\": true,\n\t\t\t\"propertyName\": \"userId\"\n\t\t}\n\t}\n}"
              },
              "nodeTitle": {
                "value": "Sign On Success"
              }
            }
          },
          "position": {
            "x": 334,
            "y": 1024
          },
          "group": "nodes",
          "removed": false,
          "selected": false,
          "selectable": true,
          "locked": false,
          "grabbable": true,
          "pannable": false,
          "classes": ""
        },
        {
          "data": {
            "id": "zkumd1hvz",
            "nodeType": "EVAL",
            "properties": null
          },
          "position": {
            "x": 424,
            "y": 1024
          },
          "group": "nodes",
          "removed": false,
          "selected": false,
          "selectable": true,
          "locked": false,
          "grabbable": true,
          "pannable": false,
          "classes": ""
        },
        {
          "data": {
            "id": "biuicowucn",
            "nodeType": "ANNOTATION",
            "connectionId": "921bfae85c38ed45045e07be703d86b8",
            "connectorId": "annotationConnector",
            "name": "Annotation",
            "status": "configured",
            "capabilityName": "updateAnnotationProperties",
            "type": "action",
            "properties": {
              "annotation": {
                "value": "PingOne - Sign On and Password Reset"
              },
              "annotationTextColor": {
                "value": "#ffffffff"
              },
              "backgroundColor": {
                "value": "#4462edff"
              },
              "cornerRadius": {
                "value": 8
              },
              "fontFamily": {
                "value": "sans-serif"
              },
              "fontSize": {
                "value": 0
              },
              "fontStyle": {
                "value": "bold"
              },
              "width": {
                "value": 1200
              }
            }
          },
          "position": {
            "x": 214,
            "y": 214
          },
          "group": "nodes",
          "removed": false,
          "selected": false,
          "selectable": true,
          "locked": false,
          "grabbable": true,
          "pannable": false,
          "classes": ""
        },
        {
          "data": {
            "id": "t0im3zjpdh",
            "nodeType": "EVAL",
            "label": "Evaluator",
            "properties": null
          },
          "position": {
            "x": 806,
            "y": 630
          },
          "group": "nodes",
          "removed": false,
          "selected": false,
          "selectable": true,
          "locked": false,
          "grabbable": true,
          "pannable": false,
          "classes": ""
        },
        {
          "data": {
            "id": "qklq9dhol4",
            "nodeType": "CONNECTION",
            "connectionId": "e7eae662d2ca276e4c6f097fc36a3bb1",
            "connectorId": "nodeConnector",
            "name": "Node",
            "label": "Node",
            "status": "configured",
            "capabilityName": "goToNode",
            "type": "action",
            "properties": {
              "nodeInstanceId": {
                "value": "ofk8hitz8r"
              },
              "nodeTitle": {
                "value": "Go to Sign On Success"
              },
              "userId": {
                "value": "[\n  {\n    \"children\": [\n      {\n        \"text\": \"\"\n      },\n      {\n        \"text\": \"\"\n      },\n      {\n        \"type\": \"link\",\n        \"src\": \"flow-connector.svg\",\n        \"url\": \"userId\",\n        \"data\": \"{{local.z98ot8mzk7.payload.output.userId}}\",\n        \"tooltip\": \"{{local.z98ot8mzk7.payload.output.userId}}\",\n        \"children\": [\n          {\n            \"text\": \"userId\"\n          }\n        ]\n      },\n      {\n        \"text\": \"\"\n      }\n    ]\n  }\n]"
              }
            }
          },
          "position": {
            "x": 986,
            "y": 630
          },
          "group": "nodes",
          "removed": false,
          "selected": false,
          "selectable": true,
          "locked": false,
          "grabbable": true,
          "pannable": false,
          "classes": ""
        },
        {
          "data": {
            "id": "aczu416xup",
            "nodeType": "ANNOTATION",
            "connectionId": "921bfae85c38ed45045e07be703d86b8",
            "connectorId": "annotationConnector",
            "name": "Annotation",
            "status": "configured",
            "capabilityName": "updateAnnotationProperties",
            "type": "action",
            "properties": {
              "annotation": {
                "value": "Sign On Flow returns userId via JSON Success"
              },
              "annotationTextColor": {
                "value": "#000000"
              },
              "backgroundColor": {
                "value": "#f2f3f4ff"
              },
              "cornerRadius": {
                "value": 8
              },
              "fontFamily": {
                "value": "sans-serif"
              },
              "fontSize": {
                "value": 14
              },
              "strokeColor": {
                "value": "#181818ff"
              },
              "strokeEnabled": {
                "value": true
              },
              "strokeWidth": {
                "value": 1
              },
              "width": {
                "value": 400
              }
            }
          },
          "position": {
            "x": 806,
            "y": 540
          },
          "group": "nodes",
          "removed": false,
          "selected": false,
          "selectable": true,
          "locked": false,
          "grabbable": true,
          "pannable": false,
          "classes": ""
        },
        {
          "data": {
            "id": "f1qqhi3on6",
            "nodeType": "ANNOTATION",
            "connectionId": "921bfae85c38ed45045e07be703d86b8",
            "connectorId": "annotationConnector",
            "name": "Annotation",
            "status": "configured",
            "capabilityName": "updateAnnotationProperties",
            "type": "action",
            "properties": {
              "annotation": {
                "value": "Master Flow for PingOne Sessions"
              },
              "annotationTextColor": {
                "value": "#ffffffff"
              },
              "backgroundColor": {
                "value": "#5D00D6ff"
              },
              "cornerRadius": {
                "value": 8
              },
              "fontFamily": {
                "value": "sans-serif"
              },
              "fontSize": {
                "value": 14
              },
              "fontStyle": {
                "value": "bold"
              },
              "width": {
                "value": 700
              }
            }
          },
          "position": {
            "x": 214,
            "y": 274
          },
          "group": "nodes",
          "removed": false,
          "selected": false,
          "selectable": true,
          "locked": false,
          "grabbable": true,
          "pannable": false,
          "classes": ""
        }
      ],
      "edges": [
        {
          "data": {
            "id": "c7trfkylri",
            "source": "t0im3zjpdh",
            "target": "qklq9dhol4"
          },
          "position": {},
          "group": "edges",
          "removed": false,
          "selected": false,
          "selectable": true,
          "locked": false,
          "grabbable": true,
          "pannable": true,
          "classes": ""
        },
        {
          "data": {
            "id": "emucb01so1",
            "source": "ofk8hitz8r",
            "target": "zkumd1hvz"
          },
          "position": {},
          "group": "edges",
          "removed": false,
          "selected": false,
          "selectable": true,
          "locked": false,
          "grabbable": true,
          "pannable": true,
          "classes": ""
        },
        {
          "data": {
            "id": "mtltuph17g",
            "source": "zkumd1hvz",
            "target": "fbx7x6gnus"
          },
          "position": {},
          "group": "edges",
          "removed": false,
          "selected": false,
          "selectable": true,
          "locked": false,
          "grabbable": true,
          "pannable": true,
          "classes": ""
        },
        {
          "data": {
            "id": "2to7volmnk",
            "source": "dbcjwy026h",
            "target": "9b7cgoyv9z"
          },
          "position": {},
          "group": "edges",
          "removed": false,
          "selected": false,
          "selectable": true,
          "locked": false,
          "grabbable": true,
          "pannable": true,
          "classes": ""
        },
        {
          "data": {
            "id": "mwnduzih46",
            "source": "9b7cgoyv9z",
            "target": "z98ot8mzk7"
          },
          "position": {},
          "group": "edges",
          "removed": false,
          "selected": false,
          "selectable": true,
          "locked": false,
          "grabbable": true,
          "pannable": true,
          "classes": ""
        },
        {
          "data": {
            "id": "9elw1pkfp4",
            "source": "9b7cgoyv9z",
            "target": "h9zati6tdm"
          },
          "position": {},
          "group": "edges",
          "removed": false,
          "selected": false,
          "selectable": true,
          "locked": false,
          "grabbable": true,
          "pannable": true,
          "classes": ""
        },
        {
          "data": {
            "id": "7xytgqexja",
            "source": "z98ot8mzk7",
            "target": "t0im3zjpdh"
          },
          "position": {},
          "group": "edges",
          "removed": false,
          "selected": false,
          "selectable": true,
          "locked": false,
          "grabbable": true,
          "pannable": true,
          "classes": ""
        }
      ]
    },
    "data": {},
    "zoomingEnabled": true,
    "userZoomingEnabled": true,
    "zoom": 1,
    "minZoom": 1e-50,
    "maxZoom": 1e+50,
    "panningEnabled": true,
    "userPanningEnabled": true,
    "pan": {},
    "boxSelectionEnabled": true,
    "renderer": {
      "name": "null"
    }
  },
  "inputSchema": [
    {
      "description": "A string that specifies an identifier to pre-fill the username field of a sign-on screen.",
      "isExpanded": true,
      "preferredControlType": "textField",
      "preferredDataType": "string",
      "propertyName": "loginHint",
      "required": false
    },
    {
      "description": "An integer that specifies the maximum amount of time allowed (in seconds) since the user last authenticated. If the user's last sign on in the session is greater than the integer value specified in this property, then existing session information cannot be used to skip authentication or influence any authentication logic. This value is set automatically to 0 if prompt=login is set for an OIDC application or if ForceAuthn=true is set for a SAML application. Otherwise, this value is set to the max_age property value for OIDC applications, if present, or omitted otherwise.",
      "isExpanded": true,
      "preferredControlType": "textField",
      "preferredDataType": "number",
      "propertyName": "maxSecondsSinceLastSignOn",
      "required": false
    },
    {
      "description": "An object that specifies all the parameters from the OIDC authorization request.",
      "isExpanded": true,
      "preferredControlType": "textField",
      "preferredDataType": "object",
      "propertyName": "authorizationRequest",
      "required": false
    },
    {
      "description": "An object that specifies all the parameters from the SAML request.",
      "isExpanded": true,
      "preferredControlType": "textField",
      "preferredDataType": "object",
      "propertyName": "samlRequest",
      "required": false
    },
    {
      "description": "An object that specifies the configuration information about the PingOne application that initiated the authentication request.",
      "isExpanded": true,
      "preferredControlType": "textField",
      "preferredDataType": "object",
      "propertyName": "application",
      "required": true
    },
    {
      "description": "Internal information that is only useful to P1. This is meant to be opaque and may be changed or removed in the future.",
      "isExpanded": true,
      "preferredControlType": "textField",
      "preferredDataType": "object",
      "propertyName": "relayState",
      "required": true
    }
  ],
  "outputSchema": {},
  "outputSchemaCompiled": {},
  "flowColor": "#ff661c",
  "connectorIds": [
    "annotationConnector",
    "flowConnector",
    "pingOneAuthenticationConnector",
    "nodeConnector"
  ],
  "savedDate": 1709329574079
}