{
  "customerId": "9ce61f116fe7007bf805d2d64c9f6fe7",
  "flowStatus": "enabled",
  "currentVersion": 1,
  "publishedVersion": 1,
  "name": "PingOne SSO Forgot Username subflow",
  "description": "Imported on Fri Mar 01 2024 21:47:12 GMT+0000 (Coordinated Universal Time)",
  "createdDate": 1709329659474,
  "updatedDate": 1709329659547,
  "deployedDate": 1709329659547,
  "enabledGraphData": {
    "boxSelectionEnabled": true,
    "data": {},
    "elements": {
      "edges": [
        {
          "classes": "",
          "data": {
            "id": "nk3q44j1yg",
            "source": "gizp7vc59g",
            "target": "06v3ur2vhg"
          },
          "grabbable": true,
          "group": "edges",
          "locked": false,
          "pannable": true,
          "position": {
            "x": 0,
            "y": 0
          },
          "removed": false,
          "selectable": true,
          "selected": false
        },
        {
          "classes": "",
          "data": {
            "id": "uefy5vfjkr",
            "source": "06v3ur2vhg",
            "target": "92ieifb03h"
          },
          "grabbable": true,
          "group": "edges",
          "locked": false,
          "pannable": true,
          "position": {
            "x": 0,
            "y": 0
          },
          "removed": false,
          "selectable": true,
          "selected": false
        },
        {
          "classes": "",
          "data": {
            "id": "iwxi1sha9w",
            "source": "fi7qajq4i6",
            "target": "gizp7vc59g"
          },
          "grabbable": true,
          "group": "edges",
          "locked": false,
          "pannable": true,
          "position": {
            "x": 0,
            "y": 0
          },
          "removed": false,
          "selectable": true,
          "selected": false
        },
        {
          "classes": "",
          "data": {
            "id": "2cff9gogzo",
            "source": "92ieifb03h",
            "target": "k07q3cnb9s"
          },
          "grabbable": true,
          "group": "edges",
          "locked": false,
          "pannable": true,
          "position": {
            "x": 0,
            "y": 0
          },
          "removed": false,
          "selectable": true,
          "selected": false
        },
        {
          "classes": "",
          "data": {
            "id": "0b8dkuvqln",
            "source": "k07q3cnb9s",
            "target": "enykrm922x"
          },
          "grabbable": true,
          "group": "edges",
          "locked": false,
          "pannable": true,
          "position": {
            "x": 0,
            "y": 0
          },
          "removed": false,
          "selectable": true,
          "selected": false
        },
        {
          "classes": "",
          "data": {
            "id": "p6x3ip1gub",
            "source": "enykrm922x",
            "target": "23ohgci4y0"
          },
          "grabbable": true,
          "group": "edges",
          "locked": false,
          "pannable": true,
          "position": {
            "x": 0,
            "y": 0
          },
          "removed": false,
          "selectable": true,
          "selected": false
        },
        {
          "classes": "",
          "data": {
            "id": "46swv0nql5",
            "source": "pn569874b4",
            "target": "cdyuc4y2ye"
          },
          "grabbable": true,
          "group": "edges",
          "locked": false,
          "pannable": true,
          "position": {
            "x": 0,
            "y": 0
          },
          "removed": false,
          "selectable": true,
          "selected": false
        },
        {
          "classes": "",
          "data": {
            "id": "azdaqci236",
            "source": "cdyuc4y2ye",
            "target": "dpqmtpzuz9"
          },
          "grabbable": true,
          "group": "edges",
          "locked": false,
          "pannable": true,
          "position": {
            "x": 0,
            "y": 0
          },
          "removed": false,
          "selectable": true,
          "selected": false
        },
        {
          "classes": "",
          "data": {
            "id": "qqntllvfoi",
            "multiValueSourceId": "dk3ndhjqno",
            "source": "dpqmtpzuz9",
            "target": "4vvk5wvjmy"
          },
          "grabbable": true,
          "group": "edges",
          "locked": false,
          "pannable": true,
          "position": {
            "x": 64,
            "y": 52
          },
          "removed": false,
          "selectable": true,
          "selected": false
        },
        {
          "classes": "",
          "data": {
            "id": "lr443sbxvx",
            "source": "4vvk5wvjmy",
            "target": "fi7qajq4i6"
          },
          "grabbable": true,
          "group": "edges",
          "locked": false,
          "pannable": true,
          "position": {
            "x": 0,
            "y": 0
          },
          "removed": false,
          "selectable": true,
          "selected": false
        },
        {
          "classes": "",
          "data": {
            "id": "bvzoxo260k",
            "multiValueSourceId": "0loahw1e7p",
            "source": "dpqmtpzuz9",
            "target": "72bolawa1h"
          },
          "grabbable": true,
          "group": "edges",
          "locked": false,
          "pannable": true,
          "position": {
            "x": 64,
            "y": 92
          },
          "removed": false,
          "selectable": true,
          "selected": false
        },
        {
          "classes": "",
          "data": {
            "id": "anu2aqebnf",
            "source": "72bolawa1h",
            "target": "rrts2ohm4j"
          },
          "grabbable": true,
          "group": "edges",
          "locked": false,
          "pannable": true,
          "position": {
            "x": 0,
            "y": 0
          },
          "removed": false,
          "selectable": true,
          "selected": false
        },
        {
          "classes": "",
          "data": {
            "id": "gvfv13yul7",
            "multiValueSourceId": "-1",
            "source": "dpqmtpzuz9",
            "target": "fthf7j6qfs"
          },
          "grabbable": true,
          "group": "edges",
          "locked": false,
          "pannable": true,
          "position": {
            "x": 64,
            "y": 132
          },
          "removed": false,
          "selectable": true,
          "selected": false
        },
        {
          "classes": "",
          "data": {
            "id": "ow72c66ndl",
            "source": "fthf7j6qfs",
            "target": "l3dw0eis24"
          },
          "grabbable": true,
          "group": "edges",
          "locked": false,
          "pannable": true,
          "position": {
            "x": 0,
            "y": 0
          },
          "removed": false,
          "selectable": true,
          "selected": false
        },
        {
          "classes": "",
          "data": {
            "id": "aam61vgnxf",
            "source": "pr24g3p8bi",
            "target": "pn569874b4"
          },
          "grabbable": true,
          "group": "edges",
          "locked": false,
          "pannable": true,
          "position": {
            "x": 0,
            "y": 0
          },
          "removed": false,
          "selectable": true,
          "selected": false
        },
        {
          "classes": "",
          "data": {
            "id": "6yft8hzd48",
            "source": "g00jsk6x5e",
            "target": "pr24g3p8bi"
          },
          "grabbable": true,
          "group": "edges",
          "locked": false,
          "pannable": true,
          "position": {
            "x": 0,
            "y": 0
          },
          "removed": false,
          "selectable": true,
          "selected": false
        }
      ],
      "nodes": [
        {
          "classes": "",
          "data": {
            "capabilityName": "updateAnnotationProperties",
            "connectionId": "921bfae85c38ed45045e07be703d86b8",
            "connectorId": "annotationConnector",
            "id": "vw5udeqikz",
            "idUnique": "p9hw334lkn",
            "name": "Annotation",
            "nodeType": "ANNOTATION",
            "properties": {
              "annotation": {
                "value": "Forgot Username"
              },
              "annotationTextColor": {
                "value": "#ffffffff"
              },
              "backgroundColor": {
                "value": "#5D00D6ff"
              },
              "cornerRadius": {
                "value": 8
              },
              "fontFamily": {
                "value": "sans-serif"
              },
              "fontSize": {
                "value": 14
              },
              "fontStyle": {
                "value": "bold"
              },
              "width": {
                "value": 2400
              }
            },
            "status": "configured",
            "type": "action"
          },
          "grabbable": true,
          "group": "nodes",
          "locked": false,
          "pannable": false,
          "position": {
            "x": 214,
            "y": 214
          },
          "removed": false,
          "selectable": true,
          "selected": false
        },
        {
          "classes": "",
          "data": {
            "capabilityName": "customHTMLTemplate",
            "connectionId": "867ed4363b2bc21c860085ad2baa817d",
            "connectorId": "httpConnector",
            "id": "pn569874b4",
            "idUnique": "lvwv4p2ilf",
            "label": "Http",
            "name": "Http",
            "nodeType": "CONNECTION",
            "properties": {
              "backgroundColor": {
                "value": "#afd5ffff"
              },
              "buttonLabel": {
                "value": "[\n  {\n    \"children\": [\n      {\n        \"text\": \"Continue\"\n      }\n    ]\n  }\n]"
              },
              "buttonLabel2": {
                "value": "[\n  {\n    \"children\": [\n      {\n        \"text\": \"Cancel\"\n      }\n    ]\n  }\n]"
              },
              "customCSS": {},
              "customHTML": {
                "value": "\u003cdiv class=\"end-user-nano\"\u003e\n    \u003cdiv\n        class=\"bg-light d-flex flex-column justify-content-center align-items-center position-absolute top-0 start-0 bottom-0 end-0 overflow-auto\"\u003e\n        \u003cdiv style=\"max-width: 400px; min-width: 400px; width: 100%\"\u003e\n            \u003cdiv class=\"card shadow mb-5\"\u003e\n                \u003cdiv class=\"card-body p-5 d-flex flex-column\"\u003e\n                    \u003cimg class=\"companyLogo align-self-center mb-5\" alt=\"{{global.variables.companyName}}\" /\u003e\n        {{#if title}}\n                    \u003ch1 class=\"text-center mb-4\"\u003e{{title}}\u003c/h1\u003e\n                    {{/if}}\n                    {{#if textOne}}\n                    \u003cp class=\"text-muted text-center\"\u003e{{textOne}}\u003c/p\u003e\n                    {{/if}}\n                    {{#if textTwo}}\n                    \u003cp class=\"text-muted text-center\"\u003e{{textTwo}}\u003c/p\u003e\n                    {{/if}}\n                    \u003cp class=\"text-danger \" data-id=\"feedback\" data-skcomponent=\"skerror\"\u003e\u003c/p\u003e\n                    \u003cp class=\"text-danger \" data-skerrorid=\"email\" data-skcomponent=\"skerrormessage\"\u003e\u003c/p\u003e\n                    \u003cform id=\"forgotUsernameForm\" data-id=\"forgotUsernameForm\"\u003e\n                        \u003cdiv class=\"mb-4 form-floating\"\u003e\n                            \u003cinput class=\"form-control\" type=\"text\" id=\"email\" name=\"email\" placeholder=\"Email\"\n                            autocomplete=\"off\" value=\"\" data-id=\"email-input\" /\u003e\n                            \u003clabel class=\"form-label\" for=\"email\"\u003eEmail\u003c/label\u003e\n                        \u003c/div\u003e\n                        {{#if buttonLabel}}\n                        \u003cdiv class=\"d-flex flex-column\"\u003e\n                            \u003cbutton data-id=\"button\" type=\"submit\" class=\"btn btn-primary mb-3\" data-skcomponent=\"skbutton\"\n                            data-skbuttontype=\"form-submit\" data-skform=\"forgotUsernameForm\" id=\"btnSignIn\"\n                            data-skbuttonvalue=\"CONTINUE\"\u003e\n                            {{buttonLabel}}\n                        \u003c/button\u003e\n                            {{/if}}\n                            {{#if buttonLabel2}}\n                            \u003cdiv class=\"d-flex flex-column\"\u003e\n                                \u003cbutton id=\"cancelBtn\" data-id=\"cancelBtn\" class=\"btn btn-link mb-3\" type=\"submit\" data-skcomponent=\"skbutton\" data-skbuttontype=\"form-submit\" data-skform=\"otpForm\" data-skbuttonvalue=\"CANCEL\"\u003e\n                             {{buttonLabel2}}\n                            \u003c/button\u003e\n                                {{/if}}\n                            \u003c/div\u003e\n                    \u003c/form\u003e\n                \u003c/div\u003e\n            \u003c/div\u003e\n        \u003c/div\u003e\n    \u003c/div\u003e\n\u003c/div\u003e"
              },
              "customScript": {
                "value": "const setFieldFocus = (id) =\u003e {\n    const element = document.getElementById(id);\n    if (element) {\n        element.focus();\n    }\n}\n\nconst start = () =\u003e {\n    setFieldFocus(\"email\")\n}\n\nif (document.readyState === \"loading\") {\n    // Loading hasn't finished yet\n    document.addEventListener(\"DOMContentLoaded\", start);\n} else {\n    // `DOMContentLoaded` has already fired\n    start();\n}\n"
              },
              "formFieldsList": {
                "value": [
                  {
                    "displayName": "Email",
                    "hashedVisibility": false,
                    "preferredControlType": "textField",
                    "preferredDataType": "string",
                    "propertyName": "email",
                    "value": "[\n  {\n    \"children\": [\n      {\n        \"text\": \"\"\n      }\n    ]\n  }\n]"
                  },
                  {
                    "preferredControlType": "textField",
                    "preferredDataType": "string",
                    "propertyName": "buttonValue"
                  }
                ]
              },
              "inputSchema": {
                "value": "{\n    \"type\": \"object\",\n    \"properties\": {\n        \"title\": {\n            \"type\": \"string\",\n            \"displayName\": \"Title\",\n            \"preferredControlType\": \"textField\",\n            \"enableParameters\": true,\n            \"propertyName\": \"title\"\n        },\n    \"textOne\": {\n            \"type\": \"string\",\n            \"displayName\": \"Text One\",\n            \"preferredControlType\": \"textField\",\n            \"enableParameters\": true,\n            \"propertyName\": \"textOne\"\n        },\n    \"textTwo\": {\n            \"type\": \"string\",\n            \"displayName\": \"Text Two\",\n            \"preferredControlType\": \"textField\",\n            \"enableParameters\": true,\n            \"propertyName\": \"textTwo\"\n        },\n        \"buttonLabel\": {\n            \"type\": \"string\",\n            \"displayName\": \"Button Label\",\n            \"preferredControlType\": \"textField\",\n            \"enableParameters\": true,\n            \"propertyName\": \"buttonLabel\"\n        },\n        \"buttonLabel2\": {\n            \"type\": \"string\",\n            \"displayName\": \"Button Label2\",\n            \"preferredControlType\": \"textField\",\n            \"enableParameters\": true,\n            \"propertyName\": \"buttonLabel2\"\n        }\n    }\n}"
              },
              "nodeTitle": {
                "value": "Forgot Username Form"
              },
              "textOne": {
                "value": "[\n  {\n    \"children\": [\n      {\n        \"text\": \"If you don’t find the email in your inbox, check your spam folder\"\n      },\n      {\n        \"text\": \"\"\n      }\n    ]\n  }\n]"
              },
              "textTwo": {
                "value": "[\n  {\n    \"children\": [\n      {\n        \"text\": \"If you don’t have an account, you won’t get an email\"\n      }\n    ]\n  }\n]"
              },
              "title": {
                "value": "[\n  {\n    \"children\": [\n      {\n        \"text\": \"Forgot Username?\"\n      }\n    ]\n  }\n]"
              },
              "validationRules": {
                "value": [
                  {
                    "propertyName": "email",
                    "rules": [
                      {
                        "message": "Email is requied",
                        "ruleName": "presence"
                      },
                      {
                        "message": "Email must be in proper format",
                        "pattern": "^[^@]+@[^@]+\\.[^@]+$",
                        "ruleName": "format"
                      }
                    ]
                  }
                ]
              }
            },
            "status": "configured",
            "type": "trigger"
          },
          "grabbable": true,
          "group": "nodes",
          "locked": false,
          "pannable": false,
          "position": {
            "x": 600,
            "y": 390
          },
          "removed": false,
          "selectable": true,
          "selected": false
        },
        {
          "classes": "",
          "data": {
            "capabilityName": "userLookup",
            "connectionId": "94141bf2f1b9b59a5f5365ff135e02bb",
            "connectorId": "pingOneSSOConnector",
            "id": "fi7qajq4i6",
            "label": "PingOne",
            "name": "PingOne",
            "nodeType": "CONNECTION",
            "properties": {
              "matchAttributes": {
                "value": [
                  "email"
                ]
              },
              "userIdentifierForFindUser": {
                "value": "[\n  {\n    \"children\": [\n      {\n        \"text\": \"\"\n      },\n      {\n        \"text\": \"\"\n      },\n      {\n        \"type\": \"link\",\n        \"src\": \"http.svg\",\n        \"url\": \"email\",\n        \"data\": \"{{local.pn569874b4.payload.output.email}}\",\n        \"tooltip\": \"{{local.pn569874b4.payload.output.email}}\",\n        \"children\": [\n          {\n            \"text\": \"email\"\n          }\n        ]\n      },\n      {\n        \"text\": \"\"\n      }\n    ]\n  }\n]"
              }
            },
            "status": "configured",
            "type": "action"
          },
          "grabbable": true,
          "group": "nodes",
          "locked": false,
          "pannable": false,
          "position": {
            "x": 1260,
            "y": 390
          },
          "removed": false,
          "selectable": true,
          "selected": false
        },
        {
          "classes": "",
          "data": {
            "id": "gizp7vc59g",
            "label": "Evaluator",
            "nodeType": "EVAL",
            "properties": {
              "06v3ur2vhg": {
                "value": "always"
              },
              "ry0bjvvhsp": {
                "value": "anyTriggersFalse"
              }
            }
          },
          "grabbable": true,
          "group": "nodes",
          "locked": false,
          "pannable": false,
          "position": {
            "x": 1410,
            "y": 390
          },
          "removed": false,
          "selectable": true,
          "selected": false
        },
        {
          "classes": "",
          "data": {
            "capabilityName": "sendEmail",
            "connectionId": "cacf3d2861657174d93cbf445d55797a",
            "connectorId": "notificationsConnector",
            "id": "06v3ur2vhg",
            "label": "PingOne Notifications",
            "name": "PingOne Notifications",
            "nodeType": "CONNECTION",
            "properties": {
              "customTemplateVariant": {
                "value": "{}"
              },
              "email": {
                "value": "[\n  {\n    \"children\": [\n      {\n        \"text\": \"\"\n      },\n      {\n        \"text\": \"\"\n      },\n      {\n        \"type\": \"link\",\n        \"src\": \"pingIdentity.svg\",\n        \"url\": \"email\",\n        \"data\": \"{{local.fi7qajq4i6.payload.output.matchedUser.email}}\",\n        \"tooltip\": \"{{local.fi7qajq4i6.payload.output.matchedUser.email}}\",\n        \"children\": [\n          {\n            \"text\": \"email\"\n          }\n        ]\n      },\n      {\n        \"text\": \"\"\n      }\n    ]\n  }\n]"
              },
              "templateVariables": {
                "value": [
                  {
                    "name": "firstName",
                    "preferredDataType": "string",
                    "value": "[\n  {\n    \"children\": [\n      {\n        \"text\": \"\"\n      },\n      {\n        \"text\": \"\"\n      },\n      {\n        \"type\": \"link\",\n        \"src\": \"pingIdentity.svg\",\n        \"url\": \"given\",\n        \"data\": \"{{local.fi7qajq4i6.payload.output.matchedUser.name.given}}\",\n        \"tooltip\": \"{{local.fi7qajq4i6.payload.output.matchedUser.name.given}}\",\n        \"children\": [\n          {\n            \"text\": \"given\"\n          }\n        ]\n      },\n      {\n        \"text\": \"\"\n      }\n    ]\n  }\n]"
                  },
                  {
                    "name": "username",
                    "preferredDataType": "string",
                    "value": "[\n  {\n    \"children\": [\n      {\n        \"text\": \"\"\n      },\n      {\n        \"text\": \"\"\n      },\n      {\n        \"type\": \"link\",\n        \"src\": \"pingIdentity.svg\",\n        \"url\": \"username\",\n        \"data\": \"{{local.fi7qajq4i6.payload.output.matchedUser.username}}\",\n        \"tooltip\": \"{{local.fi7qajq4i6.payload.output.matchedUser.username}}\",\n        \"children\": [\n          {\n            \"text\": \"username\"\n          }\n        ]\n      },\n      {\n        \"text\": \"\"\n      }\n    ]\n  }\n]"
                  },
                  {
                    "name": "lastName",
                    "preferredDataType": "string",
                    "value": "[\n  {\n    \"children\": [\n      {\n        \"text\": \"\"\n      },\n      {\n        \"text\": \"\"\n      },\n      {\n        \"type\": \"link\",\n        \"src\": \"pingIdentity.svg\",\n        \"url\": \"family\",\n        \"data\": \"{{local.fi7qajq4i6.payload.output.matchedUser.name.family}}\",\n        \"tooltip\": \"{{local.fi7qajq4i6.payload.output.matchedUser.name.family}}\",\n        \"children\": [\n          {\n            \"text\": \"family\"\n          }\n        ]\n      },\n      {\n        \"text\": \"\"\n      }\n    ]\n  }\n]"
                  },
                  {
                    "name": "companyLogo",
                    "preferredDataType": "string",
                    "value": "[\n  {\n    \"children\": [\n      {\n        \"text\": \"\"\n      },\n      {\n        \"text\": \"\"\n      },\n      {\n        \"type\": \"link\",\n        \"src\": \"variable.svg\",\n        \"url\": \"gv-companyLogo\",\n        \"data\": \"{{global.company.variables.gv-companyLogo}}\",\n        \"tooltip\": \"{{global.company.variables.gv-companyLogo}}\",\n        \"children\": [\n          {\n            \"text\": \"gv-companyLogo\"\n          }\n        ]\n      },\n      {\n        \"text\": \"\"\n      }\n    ]\n  }\n]"
                  }
                ]
              },
              "templateVariant": {
                "value": "Forgot Username"
              },
              "userId": {
                "value": "[\n  {\n    \"children\": [\n      {\n        \"text\": \"\"\n      },\n      {\n        \"text\": \"\"\n      },\n      {\n        \"type\": \"link\",\n        \"src\": \"pingIdentity.svg\",\n        \"url\": \"id\",\n        \"data\": \"{{local.fi7qajq4i6.payload.output.matchedUser.id}}\",\n        \"tooltip\": \"{{local.fi7qajq4i6.payload.output.matchedUser.id}}\",\n        \"children\": [\n          {\n            \"text\": \"id\"\n          }\n        ]\n      },\n      {\n        \"text\": \"\"\n      }\n    ]\n  }\n]"
              }
            },
            "status": "configured",
            "type": "action"
          },
          "grabbable": true,
          "group": "nodes",
          "locked": false,
          "pannable": false,
          "position": {
            "x": 1650,
            "y": 390
          },
          "removed": false,
          "selectable": true,
          "selected": false
        },
        {
          "classes": "",
          "data": {
            "id": "92ieifb03h",
            "nodeType": "EVAL",
            "properties": {
              "k07q3cnb9s": {
                "value": "always"
              },
              "undefined": {
                "value": "always"
              }
            }
          },
          "grabbable": true,
          "group": "nodes",
          "locked": false,
          "pannable": false,
          "position": {
            "x": 1800,
            "y": 390
          },
          "removed": false,
          "selectable": true,
          "selected": false
        },
        {
          "classes": "",
          "data": {
            "id": "enykrm922x",
            "label": "Evaluator",
            "nodeType": "EVAL"
          },
          "grabbable": true,
          "group": "nodes",
          "locked": false,
          "pannable": false,
          "position": {
            "x": 2130,
            "y": 390
          },
          "removed": false,
          "selectable": true,
          "selected": false
        },
        {
          "classes": "",
          "data": {
            "capabilityName": "createSuccessResponse",
            "connectionId": "867ed4363b2bc21c860085ad2baa817d",
            "connectorId": "httpConnector",
            "id": "23ohgci4y0",
            "idUnique": "61855677p4",
            "label": "Http",
            "name": "Http",
            "nodeType": "CONNECTION",
            "properties": {
              "backgroundColor": {
                "value": "#9dc967ff"
              },
              "claimsNameValuePairs": {
                "value": [
                  {
                    "key": 0.4630016438091049,
                    "label": "p1UserId (string - flowInstance)",
                    "name": "p1UserId",
                    "nameDefault": "id",
                    "type": "string",
                    "value": "[\n  {\n    \"children\": [\n      {\n        \"text\": \"\"\n      },\n      {\n        \"text\": \"\"\n      },\n      {\n        \"type\": \"link\",\n        \"src\": \"pingIdentity.svg\",\n        \"url\": \"id\",\n        \"data\": \"{{local.fi7qajq4i6.payload.output.matchedUser.id}}\",\n        \"tooltip\": \"{{local.fi7qajq4i6.payload.output.matchedUser.id}}\",\n        \"children\": [\n          {\n            \"text\": \"id\"\n          }\n        ]\n      },\n      {\n        \"text\": \"\"\n      }\n    ]\n  }\n]"
                  }
                ]
              },
              "nodeTitle": {
                "value": "Return Success"
              },
              "returnRequestParameters": {
                "value": false
              }
            },
            "status": "configured",
            "type": "action"
          },
          "grabbable": true,
          "group": "nodes",
          "locked": false,
          "pannable": false,
          "position": {
            "x": 2310,
            "y": 390
          },
          "removed": false,
          "selectable": true,
          "selected": false
        },
        {
          "classes": "",
          "data": {
            "capabilityName": "customHTMLTemplate",
            "connectionId": "867ed4363b2bc21c860085ad2baa817d",
            "connectorId": "httpConnector",
            "id": "k07q3cnb9s",
            "idUnique": "j7wboi1w7e",
            "label": "Http",
            "name": "Http",
            "nodeType": "CONNECTION",
            "properties": {
              "backgroundColor": {
                "value": "#afd5ffff"
              },
              "buttonLabel": {
                "value": "[\n  {\n    \"children\": [\n      {\n        \"text\": \"Continue\"\n      }\n    ]\n  }\n]"
              },
              "customCSS": {
                "value": ":root {\n  --animation-dimension: 120px;\n  --animation-start-color: #71e171;\n  --animation-midway-color: #67d067;\n  --animation-finish-color: #59b259;\n}\n\n.checkmark {\n  width: var(--animation-dimension);\n  height: var(--animation-dimension);\n  border-radius: 50%;\n  display: block;\n  stroke-width: 5;\n  stroke: #ffffff;\n  stroke-miterlimit: 10;\n  box-shadow: 0px 0px 10px rgba(0, 0, 0, 0.1);\n  animation: fill 0.4s ease-in-out 0.4s forwards,\n    scale 0.3s ease-in-out 0.9s both;\n}\n\n.checkmarkCircle {\n  stroke-dasharray: 166;\n  stroke-dashoffset: 166;\n  stroke-width: 5;\n  stroke-miterlimit: 10;\n  stroke: var(--animation-finish-color);\n  fill: none;\n  animation: stroke 0.6s cubic-bezier(0.65, 0, 0.45, 1) forwards,\n    colorChange 1.2s ease-in-out forwards;\n}\n\n.checkmarkCheck {\n  transform-origin: 50% 50%;\n  stroke-dasharray: 48;\n  stroke-dashoffset: 48;\n  animation: stroke 0.3s cubic-bezier(0.65, 0, 0.45, 1) 0.8s forwards,\n    colorChange 0.6s ease-in-out 0.8s forwards;\n}\n\n@keyframes colorChange {\n  0% {\n    stroke: var(--animation-start-color);\n  }\n  50% {\n    stroke: var(--animation-midway-color);\n  } \n  100% {\n    stroke: var(--animation-finish-color);\n  }\n}\n\n@keyframes stroke {\n  100% {\n    stroke-dashoffset: 0;\n  }\n}\n@keyframes scale {\n  0%,\n  100% {\n    transform: none;\n  }\n  50% {\n    transform: scale3d(1.1, 1.1, 1);\n  }\n  70% {\n    transform: scale3d(0.98, 0.98, 1);\n  }\n  85% {\n    transform: scale3d(1.02, 1.02, 1);\n  }\n}\n@keyframes fill {\n  100% {\n    box-shadow: inset 0px 0px 0px 0px var(--animation-finish-color);\n  }\n}"
              },
              "customHTML": {
                "value": "\u003cdiv class=\"end-user-nano\"\u003e\n    \u003cdiv\n        class=\"bg-light d-flex flex-column justify-content-center align-items-center position-absolute top-0 start-0 bottom-0 end-0 overflow-auto\"\u003e\n        \u003cdiv style=\"max-width: 400px; min-width: 400px; width: 100%\"\u003e\n            \u003cdiv class=\"card shadow mb-5\"\u003e\n                \u003cdiv class=\"card-body p-5 d-flex flex-column\"\u003e\n                    \u003cimg class=\"companyLogo align-self-center mb-5\" alt=\"{{global.variables.companyName}}\" /\u003e\n                {{#if title}}\n                    \u003ch1 class=\"text-center mb-4\"\u003e{{title}}\u003c/h1\u003e\n                    {{/if}}\n                    \u003cdiv class=\"mx-auto mt-3 mb-4\"\u003e\n                        \u003csvg class=\"checkmark\" xmlns=\"http://www.w3.org/2000/svg\" viewbox=\"0 0 52 52\"\u003e\n                            \u003ccircle class=\"checkmarkCircle\" cx=\"26\" cy=\"26\" r=\"25\" fill=\"none\" /\u003e\n                            \u003cpath class=\"checkmarkCheck\" fill=\"none\" d=\"M14.1 27.2l7.1 7.2 16.7-16.8\" /\u003e\n                        \u003c/svg\u003e\n                    \u003c/div\u003e\n                    {{#if textOne}}\n                    \u003cp class=\"text-muted text-center\"\u003e{{textOne}}\u003c/p\u003e\n                    {{/if}}\n\n                    {{#if textTwo}}\n                    \u003cp class=\"text-muted text-center\"\u003e{{textTwo}}\u003c/p\u003e\n                    {{/if}}\n                    \u003cp class=\"text-danger mdi mdi-alert-circle\" data-id=\"feedback\" data-skcomponent=\"skerror\"\u003e\u003c/p\u003e\n                    {{#if buttonLabel}}\n                    \u003cdiv class=\"d-flex flex-column\"\u003e\n                        \u003cbutton id=\"submitBtn\" data-id=\"submitBtn\" class=\"btn btn-primary mb-3\" type=\"submit\" data-skcomponent=\"skbutton\"\n                    data-skbuttontype=\"next-event\" data-skbuttonvalue=\"NEXT\" \u003e\n                    {{buttonLabel}}\n                    \u003c/button\u003e\n                    \u003c/div\u003e\n                    {{/if}}\n                \u003c/div\u003e\n            \u003c/div\u003e\n        \u003c/div\u003e\n    \u003c/div\u003e\n\u003c/div\u003e"
              },
              "customScript": {},
              "formFieldsList": {
                "value": [
                  {
                    "displayName": "Username",
                    "hashedVisibility": false,
                    "preferredControlType": "textField",
                    "preferredDataType": "string",
                    "propertyName": "username",
                    "value": "[\n  {\n    \"children\": [\n      {\n        \"text\": \"\"\n      }\n    ]\n  }\n]"
                  },
                  {
                    "preferredControlType": "textField",
                    "preferredDataType": "string",
                    "propertyName": "buttonValue"
                  },
                  {
                    "displayName": "Password",
                    "hashedVisibility": true,
                    "preferredControlType": "textField",
                    "preferredDataType": "string",
                    "propertyName": "password",
                    "value": ""
                  }
                ]
              },
              "inputSchema": {
                "value": "{\n    \"type\": \"object\",\n    \"properties\": {\n        \"title\": {\n            \"type\": \"string\",\n            \"displayName\": \"Title\",\n            \"preferredControlType\": \"textField\",\n            \"enableParameters\": true,\n            \"propertyName\": \"title\"\n        },\n\t\"textOne\": {\n            \"type\": \"string\",\n            \"displayName\": \"Text One\",\n            \"preferredControlType\": \"textField\",\n            \"enableParameters\": true,\n            \"propertyName\": \"textOne\"\n        },\n\t\"textTwo\": {\n            \"type\": \"string\",\n            \"displayName\": \"Text Two\",\n            \"preferredControlType\": \"textField\",\n            \"enableParameters\": true,\n            \"propertyName\": \"textTwo\"\n        },\n        \"buttonLabel\": {\n            \"type\": \"string\",\n            \"displayName\": \"Button Label\",\n            \"preferredControlType\": \"textField\",\n            \"enableParameters\": true,\n            \"propertyName\": \"buttonLabel\"\n        }\n    }\n}"
              },
              "nodeDescription": {
                "value": "The PingOne user has been successfully created and verified"
              },
              "nodeTitle": {
                "value": "Email request form"
              },
              "textOne": {
                "value": "[\n  {\n    \"children\": [\n      {\n        \"text\": \"If you entered a valid email in our system, you will receive an email with your username\"\n      },\n      {\n        \"text\": \"\"\n      },\n      {\n        \"text\": \"\"\n      }\n    ]\n  }\n]"
              },
              "textTwo": {
                "value": "[\n  {\n    \"children\": [\n      {\n        \"text\": \"\"\n      },\n      {\n        \"text\": \"Please click the 'Continue' button to Continue\"\n      }\n    ]\n  }\n]"
              },
              "title": {
                "value": "[\n  {\n    \"children\": [\n      {\n        \"text\": \"\"\n      },\n      {\n        \"text\": \"Username Requested\"\n      },\n      {\n        \"text\": \"\"\n      }\n    ]\n  }\n]"
              },
              "validationRules": {
                "value": []
              }
            },
            "status": "configured",
            "type": "trigger"
          },
          "grabbable": true,
          "group": "nodes",
          "locked": false,
          "pannable": false,
          "position": {
            "x": 1980,
            "y": 390
          },
          "removed": false,
          "selectable": true,
          "selected": false
        },
        {
          "classes": "",
          "data": {
            "id": "cdyuc4y2ye",
            "label": "Evaluator",
            "nodeType": "EVAL"
          },
          "grabbable": true,
          "group": "nodes",
          "locked": false,
          "pannable": false,
          "position": {
            "x": 720.8000030517578,
            "y": 389.4499969482422
          },
          "removed": false,
          "selectable": true,
          "selected": false
        },
        {
          "classes": "",
          "data": {
            "capabilityName": "AEqualsMultipleB",
            "connectionId": "de650ca45593b82c49064ead10b9fe17",
            "connectorId": "functionsConnector",
            "id": "dpqmtpzuz9",
            "label": "Functions",
            "name": "Functions",
            "nodeType": "CONNECTION",
            "properties": {
              "leftValueA": {
                "value": "[\n  {\n    \"children\": [\n      {\n        \"text\": \"\"\n      },\n      {\n        \"text\": \"\"\n      },\n      {\n        \"type\": \"link\",\n        \"src\": \"http.svg\",\n        \"url\": \"buttonValue\",\n        \"data\": \"{{local.pn569874b4.payload.output.buttonValue}}\",\n        \"tooltip\": \"{{local.pn569874b4.payload.output.buttonValue}}\",\n        \"children\": [\n          {\n            \"text\": \"buttonValue\"\n          }\n        ]\n      },\n      {\n        \"text\": \"\"\n      }\n    ]\n  }\n]"
              },
              "rightValueMultiple": {
                "value": [
                  {
                    "id": "dk3ndhjqno",
                    "value": "[\n  {\n    \"children\": [\n      {\n        \"text\": \"CONTINUE\"\n      }\n    ]\n  }\n]"
                  },
                  {
                    "id": "0loahw1e7p",
                    "value": "[\n  {\n    \"children\": [\n      {\n        \"text\": \"CANCEL\"\n      }\n    ]\n  }\n]"
                  }
                ]
              }
            },
            "status": "configured",
            "type": "trigger"
          },
          "grabbable": true,
          "group": "nodes",
          "locked": false,
          "pannable": false,
          "position": {
            "x": 900,
            "y": 390
          },
          "removed": false,
          "selectable": true,
          "selected": false
        },
        {
          "classes": "",
          "data": {
            "id": "4vvk5wvjmy",
            "nodeType": "EVAL"
          },
          "grabbable": true,
          "group": "nodes",
          "locked": false,
          "pannable": false,
          "position": {
            "x": 1080,
            "y": 390
          },
          "removed": false,
          "selectable": true,
          "selected": false
        },
        {
          "classes": "",
          "data": {
            "id": "72bolawa1h",
            "label": "Evaluator",
            "nodeType": "EVAL"
          },
          "grabbable": true,
          "group": "nodes",
          "locked": false,
          "pannable": false,
          "position": {
            "x": 1050,
            "y": 510
          },
          "removed": false,
          "selectable": true,
          "selected": false
        },
        {
          "classes": "",
          "data": {
            "capabilityName": "createErrorResponse",
            "connectionId": "867ed4363b2bc21c860085ad2baa817d",
            "connectorId": "httpConnector",
            "id": "rrts2ohm4j",
            "label": "Http",
            "name": "Http",
            "nodeType": "CONNECTION",
            "properties": {
              "backgroundColor": {
                "value": "#ffc8c1ff"
              },
              "claimsNameValuePairs": {
                "value": [
                  {
                    "key": 0.9016788197521421,
                    "label": "cancelReturn (boolean - flowInstance)",
                    "name": "cancelReturn",
                    "type": "boolean",
                    "value": "[\n  {\n    \"children\": [\n      {\n        \"text\": \"true\"\n      }\n    ]\n  }\n]"
                  }
                ]
              },
              "nodeTitle": {
                "value": "Return on cancel button"
              }
            },
            "status": "configured",
            "type": "action"
          },
          "grabbable": true,
          "group": "nodes",
          "locked": false,
          "pannable": false,
          "position": {
            "x": 1230,
            "y": 510
          },
          "removed": false,
          "selectable": true,
          "selected": false
        },
        {
          "classes": "",
          "data": {
            "capabilityName": "customErrorMessage",
            "connectionId": "53ab83a4a4ab919d9f2cb02d9e111ac8",
            "connectorId": "errorConnector",
            "id": "l3dw0eis24",
            "idUnique": "d3oe0qfbww",
            "label": "Error Customize",
            "name": "Error Message",
            "nodeType": "CONNECTION",
            "properties": {
              "errorCode": {
                "value": "[\n  {\n    \"children\": [\n      {\n        \"text\": \"Unexpected password state\"\n      }\n    ]\n  }\n]"
              },
              "errorDescription": {
                "value": "[\n  {\n    \"children\": [\n      {\n        \"text\": \"An unexpected password state was received\"\n      }\n    ]\n  }\n]"
              },
              "errorMessage": {
                "value": "[\n  {\n    \"children\": [\n      {\n        \"text\": \"\"\n      },\n      {\n        \"text\": \"An unexpected error has occurred\"\n      }\n    ]\n  }\n]"
              },
              "errorReason": {
                "value": "[\n  {\n    \"children\": [\n      {\n        \"text\": \"Received an unexpected password state value from PingOne\"\n      }\n    ]\n  }\n]"
              },
              "nodeDescription": {
                "value": "Received an unexpected value for the password status"
              },
              "nodeTitle": {
                "value": "Received an unexpected value"
              }
            },
            "status": "configured",
            "type": "action"
          },
          "grabbable": true,
          "group": "nodes",
          "locked": false,
          "pannable": false,
          "position": {
            "x": 1213,
            "y": 627
          },
          "removed": false,
          "selectable": true,
          "selected": false
        },
        {
          "classes": "",
          "data": {
            "id": "fthf7j6qfs",
            "nodeType": "EVAL"
          },
          "grabbable": true,
          "group": "nodes",
          "locked": false,
          "pannable": false,
          "position": {
            "x": 1056.5,
            "y": 627
          },
          "removed": false,
          "selectable": true,
          "selected": false
        },
        {
          "classes": "",
          "data": {
            "id": "pr24g3p8bi",
            "label": "Evaluator",
            "nodeType": "EVAL"
          },
          "grabbable": true,
          "group": "nodes",
          "locked": false,
          "pannable": false,
          "position": {
            "x": 450,
            "y": 390
          },
          "removed": false,
          "selectable": true,
          "selected": false
        },
        {
          "classes": "",
          "data": {
            "capabilityName": "saveValue",
            "connectionId": "06922a684039827499bdbdd97f49827b",
            "connectorId": "variablesConnector",
            "id": "g00jsk6x5e",
            "label": "Variables",
            "name": "Variables",
            "nodeType": "CONNECTION",
            "properties": {
              "nodeTitle": {
                "value": "Start"
              }
            },
            "status": "configured",
            "type": "trigger"
          },
          "grabbable": true,
          "group": "nodes",
          "locked": false,
          "pannable": false,
          "position": {
            "x": 323,
            "y": 390
          },
          "removed": false,
          "selectable": true,
          "selected": false
        }
      ]
    },
    "maxZoom": 1e+50,
    "minZoom": 1e-50,
    "pan": {
      "x": 0,
      "y": 0
    },
    "panningEnabled": true,
    "renderer": {
      "name": "null"
    },
    "userPanningEnabled": true,
    "userZoomingEnabled": true,
    "zoom": 1,
    "zoomingEnabled": true
  },
  "inputSchemaCompiled": {
    "parameters": {
      "additionalProperties": false,
      "properties": {},
      "required": [],
      "type": "object"
    }
  },
  "settings": {
    "csp": "worker-src 'self' blob:; script-src 'self' https://cdn.jsdelivr.net https://code.jquery.com https://devsdk.singularkey.com http://cdnjs.cloudflare.com 'unsafe-inline' 'unsafe-eval';",
    "intermediateLoadingScreenCSS": "",
    "intermediateLoadingScreenHTML": "",
    "logLevel": 2
  },
  "trigger": {},
  "flowId": "ebebb28cf6cf9370607f79123bcfc8b5",
  "companyId": "586df9f8-f4f8-4ac0-97ab-50fcea486b1c",
  "graphData": {
    "elements": {
      "nodes": [
        {
          "data": {
            "id": "vw5udeqikz",
            "nodeType": "ANNOTATION",
            "connectionId": "921bfae85c38ed45045e07be703d86b8",
            "connectorId": "annotationConnector",
            "name": "Annotation",
            "status": "configured",
            "capabilityName": "updateAnnotationProperties",
            "type": "action",
            "properties": {
              "annotation": {
                "value": "Forgot Username"
              },
              "annotationTextColor": {
                "value": "#ffffffff"
              },
              "backgroundColor": {
                "value": "#5D00D6ff"
              },
              "cornerRadius": {
                "value": 8
              },
              "fontFamily": {
                "value": "sans-serif"
              },
              "fontSize": {
                "value": 14
              },
              "fontStyle": {
                "value": "bold"
              },
              "width": {
                "value": 2400
              }
            }
          },
          "position": {
            "x": 214,
            "y": 214
          },
          "group": "nodes",
          "removed": false,
          "selected": false,
          "selectable": true,
          "locked": false,
          "grabbable": true,
          "pannable": false,
          "classes": ""
        },
        {
          "data": {
            "id": "pn569874b4",
            "nodeType": "CONNECTION",
            "connectionId": "867ed4363b2bc21c860085ad2baa817d",
            "connectorId": "httpConnector",
            "name": "Http",
            "label": "Http",
            "status": "configured",
            "capabilityName": "customHTMLTemplate",
            "type": "trigger",
            "properties": {
              "backgroundColor": {
                "value": "#afd5ffff"
              },
              "buttonLabel": {
                "value": "[\n  {\n    \"children\": [\n      {\n        \"text\": \"Continue\"\n      }\n    ]\n  }\n]"
              },
              "buttonLabel2": {
                "value": "[\n  {\n    \"children\": [\n      {\n        \"text\": \"Cancel\"\n      }\n    ]\n  }\n]"
              },
              "customCSS": {},
              "customHTML": {
                "value": "\u003cdiv class=\"end-user-nano\"\u003e\n    \u003cdiv\n        class=\"bg-light d-flex flex-column justify-content-center align-items-center position-absolute top-0 start-0 bottom-0 end-0 overflow-auto\"\u003e\n        \u003cdiv style=\"max-width: 400px; min-width: 400px; width: 100%\"\u003e\n            \u003cdiv class=\"card shadow mb-5\"\u003e\n                \u003cdiv class=\"card-body p-5 d-flex flex-column\"\u003e\n                    \u003cimg class=\"companyLogo align-self-center mb-5\" alt=\"{{global.variables.companyName}}\" /\u003e\n        {{#if title}}\n                    \u003ch1 class=\"text-center mb-4\"\u003e{{title}}\u003c/h1\u003e\n                    {{/if}}\n                    {{#if textOne}}\n                    \u003cp class=\"text-muted text-center\"\u003e{{textOne}}\u003c/p\u003e\n                    {{/if}}\n                    {{#if textTwo}}\n                    \u003cp class=\"text-muted text-center\"\u003e{{textTwo}}\u003c/p\u003e\n                    {{/if}}\n                    \u003cp class=\"text-danger \" data-id=\"feedback\" data-skcomponent=\"skerror\"\u003e\u003c/p\u003e\n                    \u003cp class=\"text-danger \" data-skerrorid=\"email\" data-skcomponent=\"skerrormessage\"\u003e\u003c/p\u003e\n                    \u003cform id=\"forgotUsernameForm\" data-id=\"forgotUsernameForm\"\u003e\n                        \u003cdiv class=\"mb-4 form-floating\"\u003e\n                            \u003cinput class=\"form-control\" type=\"text\" id=\"email\" name=\"email\" placeholder=\"Email\"\n                            autocomplete=\"off\" value=\"\" data-id=\"email-input\" /\u003e\n                            \u003clabel class=\"form-label\" for=\"email\"\u003eEmail\u003c/label\u003e\n                        \u003c/div\u003e\n                        {{#if buttonLabel}}\n                        \u003cdiv class=\"d-flex flex-column\"\u003e\n                            \u003cbutton data-id=\"button\" type=\"submit\" class=\"btn btn-primary mb-3\" data-skcomponent=\"skbutton\"\n                            data-skbuttontype=\"form-submit\" data-skform=\"forgotUsernameForm\" id=\"btnSignIn\"\n                            data-skbuttonvalue=\"CONTINUE\"\u003e\n                            {{buttonLabel}}\n                        \u003c/button\u003e\n                            {{/if}}\n                            {{#if buttonLabel2}}\n                            \u003cdiv class=\"d-flex flex-column\"\u003e\n                                \u003cbutton id=\"cancelBtn\" data-id=\"cancelBtn\" class=\"btn btn-link mb-3\" type=\"submit\" data-skcomponent=\"skbutton\" data-skbuttontype=\"form-submit\" data-skform=\"otpForm\" data-skbuttonvalue=\"CANCEL\"\u003e\n                             {{buttonLabel2}}\n                            \u003c/button\u003e\n                                {{/if}}\n                            \u003c/div\u003e\n                    \u003c/form\u003e\n                \u003c/div\u003e\n            \u003c/div\u003e\n        \u003c/div\u003e\n    \u003c/div\u003e\n\u003c/div\u003e"
              },
              "customScript": {
                "value": "const setFieldFocus = (id) =\u003e {\n    const element = document.getElementById(id);\n    if (element) {\n        element.focus();\n    }\n}\n\nconst start = () =\u003e {\n    setFieldFocus(\"email\")\n}\n\nif (document.readyState === \"loading\") {\n    // Loading hasn't finished yet\n    document.addEventListener(\"DOMContentLoaded\", start);\n} else {\n    // `DOMContentLoaded` has already fired\n    start();\n}\n"
              },
              "formFieldsList": {
                "value": [
                  {
                    "displayName": "Email",
                    "hashedVisibility": false,
                    "preferredControlType": "textField",
                    "preferredDataType": "string",
                    "propertyName": "email",
                    "value": "[\n  {\n    \"children\": [\n      {\n        \"text\": \"\"\n      }\n    ]\n  }\n]"
                  },
                  {
                    "preferredControlType": "textField",
                    "preferredDataType": "string",
                    "propertyName": "buttonValue"
                  }
                ]
              },
              "inputSchema": {
                "value": "{\n    \"type\": \"object\",\n    \"properties\": {\n        \"title\": {\n            \"type\": \"string\",\n            \"displayName\": \"Title\",\n            \"preferredControlType\": \"textField\",\n            \"enableParameters\": true,\n            \"propertyName\": \"title\"\n        },\n    \"textOne\": {\n            \"type\": \"string\",\n            \"displayName\": \"Text One\",\n            \"preferredControlType\": \"textField\",\n            \"enableParameters\": true,\n            \"propertyName\": \"textOne\"\n        },\n    \"textTwo\": {\n            \"type\": \"string\",\n            \"displayName\": \"Text Two\",\n            \"preferredControlType\": \"textField\",\n            \"enableParameters\": true,\n            \"propertyName\": \"textTwo\"\n        },\n        \"buttonLabel\": {\n            \"type\": \"string\",\n            \"displayName\": \"Button Label\",\n            \"preferredControlType\": \"textField\",\n            \"enableParameters\": true,\n            \"propertyName\": \"buttonLabel\"\n        },\n        \"buttonLabel2\": {\n            \"type\": \"string\",\n            \"displayName\": \"Button Label2\",\n            \"preferredControlType\": \"textField\",\n            \"enableParameters\": true,\n            \"propertyName\": \"buttonLabel2\"\n        }\n    }\n}"
              },
              "nodeTitle": {
                "value": "Forgot Username Form"
              },
              "textOne": {
                "value": "[\n  {\n    \"children\": [\n      {\n        \"text\": \"If you don’t find the email in your inbox, check your spam folder\"\n      },\n      {\n        \"text\": \"\"\n      }\n    ]\n  }\n]"
              },
              "textTwo": {
                "value": "[\n  {\n    \"children\": [\n      {\n        \"text\": \"If you don’t have an account, you won’t get an email\"\n      }\n    ]\n  }\n]"
              },
              "title": {
                "value": "[\n  {\n    \"children\": [\n      {\n        \"text\": \"Forgot Username?\"\n      }\n    ]\n  }\n]"
              },
              "validationRules": {
                "value": [
                  {
                    "propertyName": "email",
                    "rules": [
                      {
                        "message": "Email is requied",
                        "ruleName": "presence"
                      },
                      {
                        "message": "Email must be in proper format",
                        "pattern": "^[^@]+@[^@]+\\.[^@]+$",
                        "ruleName": "format"
                      }
                    ]
                  }
                ]
              }
            }
          },
          "position": {
            "x": 600,
            "y": 390
          },
          "group": "nodes",
          "removed": false,
          "selected": false,
          "selectable": true,
          "locked": false,
          "grabbable": true,
          "pannable": false,
          "classes": ""
        },
        {
          "data": {
            "id": "fi7qajq4i6",
            "nodeType": "CONNECTION",
            "connectionId": "94141bf2f1b9b59a5f5365ff135e02bb",
            "connectorId": "pingOneSSOConnector",
            "name": "PingOne",
            "label": "PingOne",
            "status": "configured",
            "capabilityName": "userLookup",
            "type": "action",
            "properties": {
              "matchAttributes": {
                "value": [
                  "email"
                ]
              },
              "userIdentifierForFindUser": {
                "value": "[\n  {\n    \"children\": [\n      {\n        \"text\": \"\"\n      },\n      {\n        \"text\": \"\"\n      },\n      {\n        \"type\": \"link\",\n        \"src\": \"http.svg\",\n        \"url\": \"email\",\n        \"data\": \"{{local.pn569874b4.payload.output.email}}\",\n        \"tooltip\": \"{{local.pn569874b4.payload.output.email}}\",\n        \"children\": [\n          {\n            \"text\": \"email\"\n          }\n        ]\n      },\n      {\n        \"text\": \"\"\n      }\n    ]\n  }\n]"
              }
            }
          },
          "position": {
            "x": 1260,
            "y": 390
          },
          "group": "nodes",
          "removed": false,
          "selected": false,
          "selectable": true,
          "locked": false,
          "grabbable": true,
          "pannable": false,
          "classes": ""
        },
        {
          "data": {
            "id": "gizp7vc59g",
            "nodeType": "EVAL",
            "label": "Evaluator",
            "properties": {
              "06v3ur2vhg": {
                "value": "always"
              },
              "ry0bjvvhsp": {
                "value": "anyTriggersFalse"
              }
            }
          },
          "position": {
            "x": 1410,
            "y": 390
          },
          "group": "nodes",
          "removed": false,
          "selected": false,
          "selectable": true,
          "locked": false,
          "grabbable": true,
          "pannable": false,
          "classes": ""
        },
        {
          "data": {
            "id": "06v3ur2vhg",
            "nodeType": "CONNECTION",
            "connectionId": "cacf3d2861657174d93cbf445d55797a",
            "connectorId": "notificationsConnector",
            "name": "PingOne Notifications",
            "label": "PingOne Notifications",
            "status": "configured",
            "capabilityName": "sendEmail",
            "type": "action",
            "properties": {
              "customTemplateVariant": {
                "value": "{}"
              },
              "email": {
                "value": "[\n  {\n    \"children\": [\n      {\n        \"text\": \"\"\n      },\n      {\n        \"text\": \"\"\n      },\n      {\n        \"type\": \"link\",\n        \"src\": \"pingIdentity.svg\",\n        \"url\": \"email\",\n        \"data\": \"{{local.fi7qajq4i6.payload.output.matchedUser.email}}\",\n        \"tooltip\": \"{{local.fi7qajq4i6.payload.output.matchedUser.email}}\",\n        \"children\": [\n          {\n            \"text\": \"email\"\n          }\n        ]\n      },\n      {\n        \"text\": \"\"\n      }\n    ]\n  }\n]"
              },
              "templateVariables": {
                "value": [
                  {
                    "name": "firstName",
                    "preferredDataType": "string",
                    "value": "[\n  {\n    \"children\": [\n      {\n        \"text\": \"\"\n      },\n      {\n        \"text\": \"\"\n      },\n      {\n        \"type\": \"link\",\n        \"src\": \"pingIdentity.svg\",\n        \"url\": \"given\",\n        \"data\": \"{{local.fi7qajq4i6.payload.output.matchedUser.name.given}}\",\n        \"tooltip\": \"{{local.fi7qajq4i6.payload.output.matchedUser.name.given}}\",\n        \"children\": [\n          {\n            \"text\": \"given\"\n          }\n        ]\n      },\n      {\n        \"text\": \"\"\n      }\n    ]\n  }\n]"
                  },
                  {
                    "name": "username",
                    "preferredDataType": "string",
                    "value": "[\n  {\n    \"children\": [\n      {\n        \"text\": \"\"\n      },\n      {\n        \"text\": \"\"\n      },\n      {\n        \"type\": \"link\",\n        \"src\": \"pingIdentity.svg\",\n        \"url\": \"username\",\n        \"data\": \"{{local.fi7qajq4i6.payload.output.matchedUser.username}}\",\n        \"tooltip\": \"{{local.fi7qajq4i6.payload.output.matchedUser.username}}\",\n        \"children\": [\n          {\n            \"text\": \"username\"\n          }\n        ]\n      },\n      {\n        \"text\": \"\"\n      }\n    ]\n  }\n]"
                  },
                  {
                    "name": "lastName",
                    "preferredDataType": "string",
                    "value": "[\n  {\n    \"children\": [\n      {\n        \"text\": \"\"\n      },\n      {\n        \"text\": \"\"\n      },\n      {\n        \"type\": \"link\",\n        \"src\": \"pingIdentity.svg\",\n        \"url\": \"family\",\n        \"data\": \"{{local.fi7qajq4i6.payload.output.matchedUser.name.family}}\",\n        \"tooltip\": \"{{local.fi7qajq4i6.payload.output.matchedUser.name.family}}\",\n        \"children\": [\n          {\n            \"text\": \"family\"\n          }\n        ]\n      },\n      {\n        \"text\": \"\"\n      }\n    ]\n  }\n]"
                  },
                  {
                    "name": "companyLogo",
                    "preferredDataType": "string",
                    "value": "[\n  {\n    \"children\": [\n      {\n        \"text\": \"\"\n      },\n      {\n        \"text\": \"\"\n      },\n      {\n        \"type\": \"link\",\n        \"src\": \"variable.svg\",\n        \"url\": \"gv-companyLogo\",\n        \"data\": \"{{global.company.variables.gv-companyLogo}}\",\n        \"tooltip\": \"{{global.company.variables.gv-companyLogo}}\",\n        \"children\": [\n          {\n            \"text\": \"gv-companyLogo\"\n          }\n        ]\n      },\n      {\n        \"text\": \"\"\n      }\n    ]\n  }\n]"
                  }
                ]
              },
              "templateVariant": {
                "value": "Forgot Username"
              },
              "userId": {
                "value": "[\n  {\n    \"children\": [\n      {\n        \"text\": \"\"\n      },\n      {\n        \"text\": \"\"\n      },\n      {\n        \"type\": \"link\",\n        \"src\": \"pingIdentity.svg\",\n        \"url\": \"id\",\n        \"data\": \"{{local.fi7qajq4i6.payload.output.matchedUser.id}}\",\n        \"tooltip\": \"{{local.fi7qajq4i6.payload.output.matchedUser.id}}\",\n        \"children\": [\n          {\n            \"text\": \"id\"\n          }\n        ]\n      },\n      {\n        \"text\": \"\"\n      }\n    ]\n  }\n]"
              }
            }
          },
          "position": {
            "x": 1650,
            "y": 390
          },
          "group": "nodes",
          "removed": false,
          "selected": false,
          "selectable": true,
          "locked": false,
          "grabbable": true,
          "pannable": false,
          "classes": ""
        },
        {
          "data": {
            "id": "92ieifb03h",
            "nodeType": "EVAL",
            "properties": {
              "k07q3cnb9s": {
                "value": "always"
              },
              "undefined": {
                "value": "always"
              }
            }
          },
          "position": {
            "x": 1800,
            "y": 390
          },
          "group": "nodes",
          "removed": false,
          "selected": false,
          "selectable": true,
          "locked": false,
          "grabbable": true,
          "pannable": false,
          "classes": ""
        },
        {
          "data": {
            "id": "enykrm922x",
            "nodeType": "EVAL",
            "label": "Evaluator",
            "properties": null
          },
          "position": {
            "x": 2130,
            "y": 390
          },
          "group": "nodes",
          "removed": false,
          "selected": false,
          "selectable": true,
          "locked": false,
          "grabbable": true,
          "pannable": false,
          "classes": ""
        },
        {
          "data": {
            "id": "23ohgci4y0",
            "nodeType": "CONNECTION",
            "connectionId": "867ed4363b2bc21c860085ad2baa817d",
            "connectorId": "httpConnector",
            "name": "Http",
            "label": "Http",
            "status": "configured",
            "capabilityName": "createSuccessResponse",
            "type": "action",
            "properties": {
              "backgroundColor": {
                "value": "#9dc967ff"
              },
              "claimsNameValuePairs": {
                "value": [
                  {
                    "key": 0.4630016438091049,
                    "label": "p1UserId (string - flowInstance)",
                    "name": "p1UserId",
                    "nameDefault": "id",
                    "type": "string",
                    "value": "[\n  {\n    \"children\": [\n      {\n        \"text\": \"\"\n      },\n      {\n        \"text\": \"\"\n      },\n      {\n        \"type\": \"link\",\n        \"src\": \"pingIdentity.svg\",\n        \"url\": \"id\",\n        \"data\": \"{{local.fi7qajq4i6.payload.output.matchedUser.id}}\",\n        \"tooltip\": \"{{local.fi7qajq4i6.payload.output.matchedUser.id}}\",\n        \"children\": [\n          {\n            \"text\": \"id\"\n          }\n        ]\n      },\n      {\n        \"text\": \"\"\n      }\n    ]\n  }\n]"
                  }
                ]
              },
              "nodeTitle": {
                "value": "Return Success"
              },
              "returnRequestParameters": {
                "value": false
              }
            }
          },
          "position": {
            "x": 2310,
            "y": 390
          },
          "group": "nodes",
          "removed": false,
          "selected": false,
          "selectable": true,
          "locked": false,
          "grabbable": true,
          "pannable": false,
          "classes": ""
        },
        {
          "data": {
            "id": "k07q3cnb9s",
            "nodeType": "CONNECTION",
            "connectionId": "867ed4363b2bc21c860085ad2baa817d",
            "connectorId": "httpConnector",
            "name": "Http",
            "label": "Http",
            "status": "configured",
            "capabilityName": "customHTMLTemplate",
            "type": "trigger",
            "properties": {
              "backgroundColor": {
                "value": "#afd5ffff"
              },
              "buttonLabel": {
                "value": "[\n  {\n    \"children\": [\n      {\n        \"text\": \"Continue\"\n      }\n    ]\n  }\n]"
              },
              "customCSS": {
                "value": ":root {\n  --animation-dimension: 120px;\n  --animation-start-color: #71e171;\n  --animation-midway-color: #67d067;\n  --animation-finish-color: #59b259;\n}\n\n.checkmark {\n  width: var(--animation-dimension);\n  height: var(--animation-dimension);\n  border-radius: 50%;\n  display: block;\n  stroke-width: 5;\n  stroke: #ffffff;\n  stroke-miterlimit: 10;\n  box-shadow: 0px 0px 10px rgba(0, 0, 0, 0.1);\n  animation: fill 0.4s ease-in-out 0.4s forwards,\n    scale 0.3s ease-in-out 0.9s both;\n}\n\n.checkmarkCircle {\n  stroke-dasharray: 166;\n  stroke-dashoffset: 166;\n  stroke-width: 5;\n  stroke-miterlimit: 10;\n  stroke: var(--animation-finish-color);\n  fill: none;\n  animation: stroke 0.6s cubic-bezier(0.65, 0, 0.45, 1) forwards,\n    colorChange 1.2s ease-in-out forwards;\n}\n\n.checkmarkCheck {\n  transform-origin: 50% 50%;\n  stroke-dasharray: 48;\n  stroke-dashoffset: 48;\n  animation: stroke 0.3s cubic-bezier(0.65, 0, 0.45, 1) 0.8s forwards,\n    colorChange 0.6s ease-in-out 0.8s forwards;\n}\n\n@keyframes colorChange {\n  0% {\n    stroke: var(--animation-start-color);\n  }\n  50% {\n    stroke: var(--animation-midway-color);\n  } \n  100% {\n    stroke: var(--animation-finish-color);\n  }\n}\n\n@keyframes stroke {\n  100% {\n    stroke-dashoffset: 0;\n  }\n}\n@keyframes scale {\n  0%,\n  100% {\n    transform: none;\n  }\n  50% {\n    transform: scale3d(1.1, 1.1, 1);\n  }\n  70% {\n    transform: scale3d(0.98, 0.98, 1);\n  }\n  85% {\n    transform: scale3d(1.02, 1.02, 1);\n  }\n}\n@keyframes fill {\n  100% {\n    box-shadow: inset 0px 0px 0px 0px var(--animation-finish-color);\n  }\n}"
              },
              "customHTML": {
                "value": "\u003cdiv class=\"end-user-nano\"\u003e\n    \u003cdiv\n        class=\"bg-light d-flex flex-column justify-content-center align-items-center position-absolute top-0 start-0 bottom-0 end-0 overflow-auto\"\u003e\n        \u003cdiv style=\"max-width: 400px; min-width: 400px; width: 100%\"\u003e\n            \u003cdiv class=\"card shadow mb-5\"\u003e\n                \u003cdiv class=\"card-body p-5 d-flex flex-column\"\u003e\n                    \u003cimg class=\"companyLogo align-self-center mb-5\" alt=\"{{global.variables.companyName}}\" /\u003e\n                {{#if title}}\n                    \u003ch1 class=\"text-center mb-4\"\u003e{{title}}\u003c/h1\u003e\n                    {{/if}}\n                    \u003cdiv class=\"mx-auto mt-3 mb-4\"\u003e\n                        \u003csvg class=\"checkmark\" xmlns=\"http://www.w3.org/2000/svg\" viewbox=\"0 0 52 52\"\u003e\n                            \u003ccircle class=\"checkmarkCircle\" cx=\"26\" cy=\"26\" r=\"25\" fill=\"none\" /\u003e\n                            \u003cpath class=\"checkmarkCheck\" fill=\"none\" d=\"M14.1 27.2l7.1 7.2 16.7-16.8\" /\u003e\n                        \u003c/svg\u003e\n                    \u003c/div\u003e\n                    {{#if textOne}}\n                    \u003cp class=\"text-muted text-center\"\u003e{{textOne}}\u003c/p\u003e\n                    {{/if}}\n\n                    {{#if textTwo}}\n                    \u003cp class=\"text-muted text-center\"\u003e{{textTwo}}\u003c/p\u003e\n                    {{/if}}\n                    \u003cp class=\"text-danger mdi mdi-alert-circle\" data-id=\"feedback\" data-skcomponent=\"skerror\"\u003e\u003c/p\u003e\n                    {{#if buttonLabel}}\n                    \u003cdiv class=\"d-flex flex-column\"\u003e\n                        \u003cbutton id=\"submitBtn\" data-id=\"submitBtn\" class=\"btn btn-primary mb-3\" type=\"submit\" data-skcomponent=\"skbutton\"\n                    data-skbuttontype=\"next-event\" data-skbuttonvalue=\"NEXT\" \u003e\n                    {{buttonLabel}}\n                    \u003c/button\u003e\n                    \u003c/div\u003e\n                    {{/if}}\n                \u003c/div\u003e\n            \u003c/div\u003e\n        \u003c/div\u003e\n    \u003c/div\u003e\n\u003c/div\u003e"
              },
              "customScript": {},
              "formFieldsList": {
                "value": [
                  {
                    "displayName": "Username",
                    "hashedVisibility": false,
                    "preferredControlType": "textField",
                    "preferredDataType": "string",
                    "propertyName": "username",
                    "value": "[\n  {\n    \"children\": [\n      {\n        \"text\": \"\"\n      }\n    ]\n  }\n]"
                  },
                  {
                    "preferredControlType": "textField",
                    "preferredDataType": "string",
                    "propertyName": "buttonValue"
                  },
                  {
                    "displayName": "Password",
                    "hashedVisibility": true,
                    "preferredControlType": "textField",
                    "preferredDataType": "string",
                    "propertyName": "password",
                    "value": ""
                  }
                ]
              },
              "inputSchema": {
                "value": "{\n    \"type\": \"object\",\n    \"properties\": {\n        \"title\": {\n            \"type\": \"string\",\n            \"displayName\": \"Title\",\n            \"preferredControlType\": \"textField\",\n            \"enableParameters\": true,\n            \"propertyName\": \"title\"\n        },\n\t\"textOne\": {\n            \"type\": \"string\",\n            \"displayName\": \"Text One\",\n            \"preferredControlType\": \"textField\",\n            \"enableParameters\": true,\n            \"propertyName\": \"textOne\"\n        },\n\t\"textTwo\": {\n            \"type\": \"string\",\n            \"displayName\": \"Text Two\",\n            \"preferredControlType\": \"textField\",\n            \"enableParameters\": true,\n            \"propertyName\": \"textTwo\"\n        },\n        \"buttonLabel\": {\n            \"type\": \"string\",\n            \"displayName\": \"Button Label\",\n            \"preferredControlType\": \"textField\",\n            \"enableParameters\": true,\n            \"propertyName\": \"buttonLabel\"\n        }\n    }\n}"
              },
              "nodeDescription": {
                "value": "The PingOne user has been successfully created and verified"
              },
              "nodeTitle": {
                "value": "Email request form"
              },
              "textOne": {
                "value": "[\n  {\n    \"children\": [\n      {\n        \"text\": \"If you entered a valid email in our system, you will receive an email with your username\"\n      },\n      {\n        \"text\": \"\"\n      },\n      {\n        \"text\": \"\"\n      }\n    ]\n  }\n]"
              },
              "textTwo": {
                "value": "[\n  {\n    \"children\": [\n      {\n        \"text\": \"\"\n      },\n      {\n        \"text\": \"Please click the 'Continue' button to Continue\"\n      }\n    ]\n  }\n]"
              },
              "title": {
                "value": "[\n  {\n    \"children\": [\n      {\n        \"text\": \"\"\n      },\n      {\n        \"text\": \"Username Requested\"\n      },\n      {\n        \"text\": \"\"\n      }\n    ]\n  }\n]"
              },
              "validationRules": {
                "value": []
              }
            }
          },
          "position": {
            "x": 1980,
            "y": 390
          },
          "group": "nodes",
          "removed": false,
          "selected": false,
          "selectable": true,
          "locked": false,
          "grabbable": true,
          "pannable": false,
          "classes": ""
        },
        {
          "data": {
            "id": "cdyuc4y2ye",
            "nodeType": "EVAL",
            "label": "Evaluator",
            "properties": null
          },
          "position": {
            "x": 720.8000030517578,
            "y": 389.4499969482422
          },
          "group": "nodes",
          "removed": false,
          "selected": false,
          "selectable": true,
          "locked": false,
          "grabbable": true,
          "pannable": false,
          "classes": ""
        },
        {
          "data": {
            "id": "dpqmtpzuz9",
            "nodeType": "CONNECTION",
            "connectionId": "de650ca45593b82c49064ead10b9fe17",
            "connectorId": "functionsConnector",
            "name": "Functions",
            "label": "Functions",
            "status": "configured",
            "capabilityName": "AEqualsMultipleB",
            "type": "trigger",
            "properties": {
              "leftValueA": {
                "value": "[\n  {\n    \"children\": [\n      {\n        \"text\": \"\"\n      },\n      {\n        \"text\": \"\"\n      },\n      {\n        \"type\": \"link\",\n        \"src\": \"http.svg\",\n        \"url\": \"buttonValue\",\n        \"data\": \"{{local.pn569874b4.payload.output.buttonValue}}\",\n        \"tooltip\": \"{{local.pn569874b4.payload.output.buttonValue}}\",\n        \"children\": [\n          {\n            \"text\": \"buttonValue\"\n          }\n        ]\n      },\n      {\n        \"text\": \"\"\n      }\n    ]\n  }\n]"
              },
              "rightValueMultiple": {
                "value": [
                  {
                    "id": "dk3ndhjqno",
                    "value": "[\n  {\n    \"children\": [\n      {\n        \"text\": \"CONTINUE\"\n      }\n    ]\n  }\n]"
                  },
                  {
                    "id": "0loahw1e7p",
                    "value": "[\n  {\n    \"children\": [\n      {\n        \"text\": \"CANCEL\"\n      }\n    ]\n  }\n]"
                  }
                ]
              }
            }
          },
          "position": {
            "x": 900,
            "y": 390
          },
          "group": "nodes",
          "removed": false,
          "selected": false,
          "selectable": true,
          "locked": false,
          "grabbable": true,
          "pannable": false,
          "classes": ""
        },
        {
          "data": {
            "id": "4vvk5wvjmy",
            "nodeType": "EVAL",
            "properties": null
          },
          "position": {
            "x": 1080,
            "y": 390
          },
          "group": "nodes",
          "removed": false,
          "selected": false,
          "selectable": true,
          "locked": false,
          "grabbable": true,
          "pannable": false,
          "classes": ""
        },
        {
          "data": {
            "id": "72bolawa1h",
            "nodeType": "EVAL",
            "label": "Evaluator",
            "properties": null
          },
          "position": {
            "x": 1050,
            "y": 510
          },
          "group": "nodes",
          "removed": false,
          "selected": false,
          "selectable": true,
          "locked": false,
          "grabbable": true,
          "pannable": false,
          "classes": ""
        },
        {
          "data": {
            "id": "rrts2ohm4j",
            "nodeType": "CONNECTION",
            "connectionId": "867ed4363b2bc21c860085ad2baa817d",
            "connectorId": "httpConnector",
            "name": "Http",
            "label": "Http",
            "status": "configured",
            "capabilityName": "createErrorResponse",
            "type": "action",
            "properties": {
              "backgroundColor": {
                "value": "#ffc8c1ff"
              },
              "claimsNameValuePairs": {
                "value": [
                  {
                    "key": 0.9016788197521421,
                    "label": "cancelReturn (boolean - flowInstance)",
                    "name": "cancelReturn",
                    "type": "boolean",
                    "value": "[\n  {\n    \"children\": [\n      {\n        \"text\": \"true\"\n      }\n    ]\n  }\n]"
                  }
                ]
              },
              "nodeTitle": {
                "value": "Return on cancel button"
              }
            }
          },
          "position": {
            "x": 1230,
            "y": 510
          },
          "group": "nodes",
          "removed": false,
          "selected": false,
          "selectable": true,
          "locked": false,
          "grabbable": true,
          "pannable": false,
          "classes": ""
        },
        {
          "data": {
            "id": "l3dw0eis24",
            "nodeType": "CONNECTION",
            "connectionId": "53ab83a4a4ab919d9f2cb02d9e111ac8",
            "connectorId": "errorConnector",
            "name": "Error Message",
            "label": "Error Customize",
            "status": "configured",
            "capabilityName": "customErrorMessage",
            "type": "action",
            "properties": {
              "errorCode": {
                "value": "[\n  {\n    \"children\": [\n      {\n        \"text\": \"Unexpected password state\"\n      }\n    ]\n  }\n]"
              },
              "errorDescription": {
                "value": "[\n  {\n    \"children\": [\n      {\n        \"text\": \"An unexpected password state was received\"\n      }\n    ]\n  }\n]"
              },
              "errorMessage": {
                "value": "[\n  {\n    \"children\": [\n      {\n        \"text\": \"\"\n      },\n      {\n        \"text\": \"An unexpected error has occurred\"\n      }\n    ]\n  }\n]"
              },
              "errorReason": {
                "value": "[\n  {\n    \"children\": [\n      {\n        \"text\": \"Received an unexpected password state value from PingOne\"\n      }\n    ]\n  }\n]"
              },
              "nodeDescription": {
                "value": "Received an unexpected value for the password status"
              },
              "nodeTitle": {
                "value": "Received an unexpected value"
              }
            }
          },
          "position": {
            "x": 1213,
            "y": 627
          },
          "group": "nodes",
          "removed": false,
          "selected": false,
          "selectable": true,
          "locked": false,
          "grabbable": true,
          "pannable": false,
          "classes": ""
        },
        {
          "data": {
            "id": "fthf7j6qfs",
            "nodeType": "EVAL",
            "properties": null
          },
          "position": {
            "x": 1056.5,
            "y": 627
          },
          "group": "nodes",
          "removed": false,
          "selected": false,
          "selectable": true,
          "locked": false,
          "grabbable": true,
          "pannable": false,
          "classes": ""
        },
        {
          "data": {
            "id": "pr24g3p8bi",
            "nodeType": "EVAL",
            "label": "Evaluator",
            "properties": null
          },
          "position": {
            "x": 450,
            "y": 390
          },
          "group": "nodes",
          "removed": false,
          "selected": false,
          "selectable": true,
          "locked": false,
          "grabbable": true,
          "pannable": false,
          "classes": ""
        },
        {
          "data": {
            "id": "g00jsk6x5e",
            "nodeType": "CONNECTION",
            "connectionId": "06922a684039827499bdbdd97f49827b",
            "connectorId": "variablesConnector",
            "name": "Variables",
            "label": "Variables",
            "status": "configured",
            "capabilityName": "saveValue",
            "type": "trigger",
            "properties": {
              "nodeTitle": {
                "value": "Start"
              }
            }
          },
          "position": {
            "x": 323,
            "y": 390
          },
          "group": "nodes",
          "removed": false,
          "selected": false,
          "selectable": true,
          "locked": false,
          "grabbable": true,
          "pannable": false,
          "classes": ""
        }
      ],
      "edges": [
        {
          "data": {
            "id": "nk3q44j1yg",
            "source": "gizp7vc59g",
            "target": "06v3ur2vhg"
          },
          "position": {},
          "group": "edges",
          "removed": false,
          "selected": false,
          "selectable": true,
          "locked": false,
          "grabbable": true,
          "pannable": true,
          "classes": ""
        },
        {
          "data": {
            "id": "uefy5vfjkr",
            "source": "06v3ur2vhg",
            "target": "92ieifb03h"
          },
          "position": {},
          "group": "edges",
          "removed": false,
          "selected": false,
          "selectable": true,
          "locked": false,
          "grabbable": true,
          "pannable": true,
          "classes": ""
        },
        {
          "data": {
            "id": "iwxi1sha9w",
            "source": "fi7qajq4i6",
            "target": "gizp7vc59g"
          },
          "position": {},
          "group": "edges",
          "removed": false,
          "selected": false,
          "selectable": true,
          "locked": false,
          "grabbable": true,
          "pannable": true,
          "classes": ""
        },
        {
          "data": {
            "id": "2cff9gogzo",
            "source": "92ieifb03h",
            "target": "k07q3cnb9s"
          },
          "position": {},
          "group": "edges",
          "removed": false,
          "selected": false,
          "selectable": true,
          "locked": false,
          "grabbable": true,
          "pannable": true,
          "classes": ""
        },
        {
          "data": {
            "id": "0b8dkuvqln",
            "source": "k07q3cnb9s",
            "target": "enykrm922x"
          },
          "position": {},
          "group": "edges",
          "removed": false,
          "selected": false,
          "selectable": true,
          "locked": false,
          "grabbable": true,
          "pannable": true,
          "classes": ""
        },
        {
          "data": {
            "id": "p6x3ip1gub",
            "source": "enykrm922x",
            "target": "23ohgci4y0"
          },
          "position": {},
          "group": "edges",
          "removed": false,
          "selected": false,
          "selectable": true,
          "locked": false,
          "grabbable": true,
          "pannable": true,
          "classes": ""
        },
        {
          "data": {
            "id": "46swv0nql5",
            "source": "pn569874b4",
            "target": "cdyuc4y2ye"
          },
          "position": {},
          "group": "edges",
          "removed": false,
          "selected": false,
          "selectable": true,
          "locked": false,
          "grabbable": true,
          "pannable": true,
          "classes": ""
        },
        {
          "data": {
            "id": "azdaqci236",
            "source": "cdyuc4y2ye",
            "target": "dpqmtpzuz9"
          },
          "position": {},
          "group": "edges",
          "removed": false,
          "selected": false,
          "selectable": true,
          "locked": false,
          "grabbable": true,
          "pannable": true,
          "classes": ""
        },
        {
          "data": {
            "id": "qqntllvfoi",
            "source": "dpqmtpzuz9",
            "target": "4vvk5wvjmy",
            "multiValueSourceId": "dk3ndhjqno"
          },
          "position": {
            "x": 64,
            "y": 52
          },
          "group": "edges",
          "removed": false,
          "selected": false,
          "selectable": true,
          "locked": false,
          "grabbable": true,
          "pannable": true,
          "classes": ""
        },
        {
          "data": {
            "id": "lr443sbxvx",
            "source": "4vvk5wvjmy",
            "target": "fi7qajq4i6"
          },
          "position": {},
          "group": "edges",
          "removed": false,
          "selected": false,
          "selectable": true,
          "locked": false,
          "grabbable": true,
          "pannable": true,
          "classes": ""
        },
        {
          "data": {
            "id": "bvzoxo260k",
            "source": "dpqmtpzuz9",
            "target": "72bolawa1h",
            "multiValueSourceId": "0loahw1e7p"
          },
          "position": {
            "x": 64,
            "y": 92
          },
          "group": "edges",
          "removed": false,
          "selected": false,
          "selectable": true,
          "locked": false,
          "grabbable": true,
          "pannable": true,
          "classes": ""
        },
        {
          "data": {
            "id": "anu2aqebnf",
            "source": "72bolawa1h",
            "target": "rrts2ohm4j"
          },
          "position": {},
          "group": "edges",
          "removed": false,
          "selected": false,
          "selectable": true,
          "locked": false,
          "grabbable": true,
          "pannable": true,
          "classes": ""
        },
        {
          "data": {
            "id": "gvfv13yul7",
            "source": "dpqmtpzuz9",
            "target": "fthf7j6qfs",
            "multiValueSourceId": "-1"
          },
          "position": {
            "x": 64,
            "y": 132
          },
          "group": "edges",
          "removed": false,
          "selected": false,
          "selectable": true,
          "locked": false,
          "grabbable": true,
          "pannable": true,
          "classes": ""
        },
        {
          "data": {
            "id": "ow72c66ndl",
            "source": "fthf7j6qfs",
            "target": "l3dw0eis24"
          },
          "position": {},
          "group": "edges",
          "removed": false,
          "selected": false,
          "selectable": true,
          "locked": false,
          "grabbable": true,
          "pannable": true,
          "classes": ""
        },
        {
          "data": {
            "id": "aam61vgnxf",
            "source": "pr24g3p8bi",
            "target": "pn569874b4"
          },
          "position": {},
          "group": "edges",
          "removed": false,
          "selected": false,
          "selectable": true,
          "locked": false,
          "grabbable": true,
          "pannable": true,
          "classes": ""
        },
        {
          "data": {
            "id": "6yft8hzd48",
            "source": "g00jsk6x5e",
            "target": "pr24g3p8bi"
          },
          "position": {},
          "group": "edges",
          "removed": false,
          "selected": false,
          "selectable": true,
          "locked": false,
          "grabbable": true,
          "pannable": true,
          "classes": ""
        }
      ]
    },
    "data": {},
    "zoomingEnabled": true,
    "userZoomingEnabled": true,
    "zoom": 1,
    "minZoom": 1e-50,
    "maxZoom": 1e+50,
    "panningEnabled": true,
    "userPanningEnabled": true,
    "pan": {},
    "boxSelectionEnabled": true,
    "renderer": {
      "name": "null"
    }
  },
  "inputSchema": [],
  "outputSchema": {},
  "outputSchemaCompiled": {},
  "flowColor": "#ff661c",
  "connectorIds": [
    "annotationConnector",
    "httpConnector",
    "pingOneSSOConnector",
    "notificationsConnector",
    "functionsConnector",
    "errorConnector",
    "variablesConnector"
  ],
  "savedDate": 1709329659177
}